word,mean_z_real,mean_z_generated,z_difference_generated_minus_real,abs_z_difference
часто,-0.6957080822907571,0.6805839935453062,1.3762920758360633,1.3762920758360633
например,-0.6847323415280073,0.6698468558426162,1.3545791973706236,1.3545791973706236
анализ,-0.674242606330094,0.6595851583663965,1.3338277646964904,1.3338277646964904
в,0.5746826516914998,-0.5621895505677715,-1.1368722022592714,1.1368722022592714
через,-0.5312962748631904,0.5197463558444259,1.0510426307076162,1.0510426307076162
где,-0.5231639443261469,0.5117908151016651,1.0349547594278121,1.0349547594278121
эти,-0.5072551518033089,0.49622786589454154,1.0034830176978504,1.0034830176978504
но,-0.4854134952013156,0.47486102791433044,0.960274523115646,0.960274523115646
которых,0.473147537633917,-0.46286172159839706,-0.936009259232314,0.936009259232314
н,0.47276132149950534,-0.46248390146690743,-0.9352452229664128,0.9352452229664128
качестве,0.45756847585496313,-0.4476213350755075,-0.9051898109304706,0.9051898109304706
подход,-0.4543334693987069,0.44445665484656105,0.8987901242452679,0.8987901242452679
роль,-0.45075959587813536,0.4409604742286107,0.891720070106746,0.891720070106746
просто,-0.4281499095321695,0.4188423028032094,0.8469922123353789,0.8469922123353789
исследования,-0.4264245301273294,0.4171544316463005,0.8435789617736299,0.8435789617736299
как,-0.4205967373584691,0.4114533300245898,0.8320500673830589,0.8320500673830589
м,0.4169878367598568,-0.4079228837868164,-0.8249107205466732,0.8249107205466732
особенно,-0.41191466086501416,0.4029599943244705,0.8148746551894847,0.8148746551894847
модели,-0.40976469703573615,0.40085676883930726,0.8106214658750435,0.8106214658750435
эта,-0.40399111244446556,0.3952086969565423,0.7991998094010079,0.7991998094010079
контексте,-0.4030596563613552,0.3942974899187169,0.7973571462800721,0.7973571462800721
и,-0.3969196313936329,0.3882909437546404,0.7852105751482733,0.7852105751482733
модель,-0.39098297631676476,0.382483346396835,0.7734663227135998,0.7734663227135998
это,-0.387511520489613,0.3790873570007086,0.7665988774903216,0.7665988774903216
еще,0.37584021674500134,-0.3676697772505447,-0.7435099939955461,0.7435099939955461
анализа,-0.354371467336221,0.3466677397854333,0.7010392071216542,0.7010392071216542
таким,-0.3492454034815013,0.3416531121014686,0.6908985155829699,0.6908985155829699
имеет,0.3485821511335384,-0.3410042782828092,-0.6895864294163476,0.6895864294163476
здесь,-0.3439350512500003,0.3364582023097831,0.6803932535597834,0.6803932535597834
случае,0.3388922878117632,-0.3315250641636814,-0.6704173519754446,0.6704173519754446
которой,0.33493517326657973,-0.3276539738477409,-0.6625891471143206,0.6625891471143206
всего,0.33096299127236134,-0.3237681436360056,-0.6547311349083669,0.6547311349083669
этот,-0.32294762740196925,0.3159270268062742,0.6388746542082435,0.6388746542082435
так,0.3116419967640241,-0.3048671707474151,-0.6165091675114391,0.6165091675114391
е,0.30055250315569043,-0.29401875308708836,-0.5945712562427787,0.5945712562427787
позволяет,-0.2956582303551385,0.2892308775213316,0.5848891078764701,0.5848891078764701
пример,-0.2944899177653086,0.2880879630312803,0.5825778807965889,0.5825778807965889
они,-0.29107258270952185,0.28474491786801,0.5758175005775319,0.5758175005775319
образ,-0.2884731664520354,0.2822020106595998,0.5706751771116352,0.5706751771116352
двух,0.2802481905254473,-0.27415583855750286,-0.5544040290829502,0.5544040290829502
поскольку,0.27290830927207055,-0.2669755199400692,-0.5398838292121397,0.5398838292121397
хотя,-0.27195278079477886,0.26604076382097924,0.5379935446157581,0.5379935446157581
во,0.2703362263430701,-0.2644593518573508,-0.5347955782004209,0.5347955782004209
часть,-0.2695033706177022,0.2636446016912302,0.5331479723089324,0.5331479723089324
образом,-0.26880374327015333,0.26296018363384555,0.5317639269039989,0.5317639269039989
того,0.2683124264226388,-0.26247954758736397,-0.5307919740100028,0.5307919740100028
работы,-0.2663046747931833,0.2605154427324619,0.5268201175256453,0.5268201175256453
или,-0.2640620424936824,0.2583215633090368,0.5223836058027191,0.5223836058027191
кроме,0.2596679162427164,-0.2540229615417881,-0.5136908777845045,0.5136908777845045
этой,-0.2580409317325097,0.25243134626006347,0.5104722779925732,0.5104722779925732
таких,-0.2572042451064079,0.2516128484736595,0.5088170935800673,0.5088170935800673
этих,-0.25182171117072494,0.24634732614527494,0.4981690373159999,0.4981690373159999
т,0.24621620902136207,-0.24086368273828904,-0.4870798917596511,0.4870798917596511
такие,-0.24173146838443688,0.23647643646303626,0.4782079048474731,0.4782079048474731
становится,-0.23767722144501413,0.2325103253266443,0.4701875467716584,0.4701875467716584
для,-0.2325751609831507,0.22751917922264706,0.46009434020579776,0.46009434020579776
человека,0.23058988597811647,-0.22557706236989636,-0.45616694834801286,0.45616694834801286
перевод,-0.23041410275033616,0.22540510051663315,0.45581920326696934,0.45581920326696934
выступает,-0.23037413191902845,0.22536599861644097,0.4557401305354694,0.4557401305354694
точки,0.22781413249602692,-0.2228616513548086,-0.4506757838508355,0.4506757838508355
тем,0.22066141255391597,-0.2158644253244831,-0.43652583787839905,0.43652583787839905
из,0.2185365002254215,-0.21378570674226013,-0.43232220696768164,0.43232220696768164
процесс,-0.21730587865531947,0.21258183781498638,0.4298877164703059,0.4298877164703059
чем,0.21498361323498646,-0.2103100564255302,-0.4252936696605166,0.4252936696605166
языка,0.2147696513778679,-0.21010074591313127,-0.4248703972909992,0.4248703972909992
может,-0.20803292380994742,0.203510468944514,0.4115433927544614,0.4115433927544614
время,0.20755941586024484,-0.20304725464589216,-0.410606670506137,0.410606670506137
информации,0.2026632352493505,-0.19825751274392978,-0.40092074799328026,0.40092074799328026
and,0.20223220856502466,-0.19783585620491542,-0.40006806476994006,0.40006806476994006
п,0.20194971174814325,-0.19755950062318361,-0.39950921237132686,0.39950921237132686
обычно,-0.20097600935306853,0.19660696567148014,0.39758297502454865,0.39758297502454865
функции,-0.19920778249222965,0.19487717852500736,0.394084961017237,0.394084961017237
др,-0.19841195914426255,0.1940986556846047,0.39251061482886723,0.39251061482886723
типа,0.19836927528376205,-0.19405689973411513,-0.3924261750178772,0.3924261750178772
которые,0.19323621377984013,-0.18903542652375646,-0.3822716403035966,0.3822716403035966
было,0.1927579509544279,-0.18856756071628827,-0.38132551167071616,0.38132551167071616
бы,0.18593114396705168,-0.18188916257646356,-0.3678203065435153,0.3678203065435153
г,0.18433817126655017,-0.18033081971727744,-0.3646689909838276,0.3646689909838276
которая,0.18318321595444303,-0.17920097212934624,-0.36238418808378925,0.36238418808378925
один,0.1820330076630209,-0.17807576836599862,-0.36010877602901953,0.36010877602901953
о,0.18071451425278598,-0.1767859378559858,-0.3575004521087718,0.3575004521087718
со,0.17946720429927573,-0.17556574333624778,-0.3550329476355235,0.3550329476355235
понятия,-0.1792258956852517,0.1753296805616594,0.35455557624691114,0.35455557624691114
следует,0.17492847971549613,-0.1711256866782028,-0.3460541663936989,0.3460541663936989
она,-0.17249271551392792,0.1687428738723209,0.3412355893862488,0.3412355893862488
а,-0.1676916942452344,0.164046222631207,0.3317379168764414,0.3317379168764414
более,-0.16638826152624403,0.16277112540610822,0.32915938693235225,0.32915938693235225
без,-0.1659779356631077,0.16236971967043148,0.32834765533353916,0.32834765533353916
при,0.16536379574838722,-0.1617689306234222,-0.32713272637180946,0.32713272637180946
слова,0.16459572933611255,-0.1610175613070665,-0.325613290643179,0.325613290643179
связь,-0.15980190057902888,0.1563279462186152,0.3161298467976441,0.3161298467976441
использование,-0.15955439100232344,0.156085817284882,0.3156402082872054,0.3156402082872054
области,0.15757948255519455,-0.15415384163008167,-0.3117333241852762,0.3117333241852762
зрения,0.1558342628785217,-0.1524465615115973,-0.308280824390119,0.308280824390119
он,-0.1551551885528238,0.15178224967124104,0.30693743822406483,0.30693743822406483
связи,0.15351860744976303,-0.15018124641824648,-0.3036998538680095,0.3036998538680095
только,0.1507901227324673,-0.1475120765861096,-0.29830219931857693,0.29830219931857693
характер,0.1492282370022763,-0.14598414489353126,-0.29521238189580756,0.29521238189580756
что,-0.1481964680485183,0.14497480569963755,0.2931712737481559,0.2931712737481559
с,0.14622531571164618,-0.14304650450052336,-0.2892718202121696,0.2892718202121696
лишь,-0.14532751453142043,0.14216822073725927,0.28749573526867966,0.28749573526867966
признаки,0.14504085530691238,-0.14188779323502293,-0.28692864854193534,0.28692864854193534
the,0.1449989950870258,-0.1418468430199165,-0.2868458381069423,0.2868458381069423
описания,-0.14358411690353917,0.14046272305780994,0.2840468399613491,0.2840468399613491
другой,-0.13727502898456398,0.13429078922402995,0.27156581820859393,0.27156581820859393
несколько,-0.13156527986290378,0.12870516508327537,0.2602704449461791,0.2602704449461791
дискурса,0.1293301239221891,-0.12651859948909808,-0.25584872341128717,0.25584872341128717
то,0.12805198323135764,-0.12526824446545823,-0.25332022769681584,0.25332022769681584
за,0.1270836592228252,-0.12432097097885066,-0.25140463020167586,0.25140463020167586
различных,0.1264378694746982,-0.12368922013829181,-0.25012708961299,0.25012708961299
языков,0.12634068733899576,-0.12359415065771331,-0.24993483799670907,0.24993483799670907
том,0.12260404438235245,-0.11993873906969268,-0.24254278345204514,0.24254278345204514
ситуации,0.12234220978076125,-0.11968259652465793,-0.24202480630541917,0.24202480630541917
роли,-0.1218451435138496,0.11919633604615729,0.24104147956000688,0.24104147956000688
есть,0.12038049144253342,-0.11776352423726111,-0.23814401567979454,0.23814401567979454
на,0.11883492998507518,-0.11625156194192125,-0.23508649192699643,0.23508649192699643
of,0.1165890061278324,-0.11405446251635773,-0.23064346864419014,0.23064346864419014
рамках,0.11304013810249992,-0.11058274379592371,-0.22362288189842364,0.22362288189842364
значения,0.11276895570927732,-0.11031745667211901,-0.22308641238139632,0.22308641238139632
слов,0.10994822021509786,-0.10755804151476955,-0.21750626172986742,0.21750626172986742
дискурс,-0.10967894497154958,0.1072946200808637,0.21697356505241328,0.21697356505241328
себя,0.10380362510382699,-0.10154702455809195,-0.20535064966191893,0.20535064966191893
основе,0.10367297491427555,-0.10141921459005186,-0.2050921895043274,0.2050921895043274
по,0.10056211568587842,-0.09837598273618518,-0.19893809842206361,0.19893809842206361
ее,0.09931014698382185,-0.0971512307450433,-0.19646137772886513,0.19646137772886513
мы,0.099238757719416,-0.09708139342116766,-0.19632015114058365,0.19632015114058365
структуры,0.09545652464530098,-0.09338138280518571,-0.18883790745048668,0.18883790745048668
переводе,-0.09525064419946325,0.09317997802121407,0.1884306222206773,0.1884306222206773
других,0.09463167002367638,-0.09257445980577043,-0.18720612982944682,0.18720612982944682
действия,0.09372425708967755,-0.091686773239902,-0.18541103032957956,0.18541103032957956
данных,0.09345132454660708,-0.09141977401298504,-0.1848710985595921,0.1848710985595921
см,0.09226616266677254,-0.09026037652184264,-0.18252653918861517,0.18252653918861517
текст,-0.09204560721949796,0.09004461575820472,0.18209022297770266,0.18209022297770266
именно,-0.09153167705872024,0.0895418579922268,0.18107353505094703,0.18107353505094703
быть,0.09022640380926639,-0.0882649602481954,-0.1784913640574618,0.1784913640574618
под,0.08993590638246919,-0.08798077798284995,-0.17791668436531916,0.17791668436531916
когда,-0.08600324148317638,0.0841336057987599,0.1701368472819363,0.1701368472819363
языке,0.08495414743324861,-0.08310731814122171,-0.16806146557447033,0.16806146557447033
разных,0.0832546633383305,-0.0814447793527147,-0.1646994426910452,0.1646994426910452
также,-0.083197632124379,0.08138898794776253,0.16458662007214153,0.16458662007214153
стратегия,-0.08285676824311086,0.08105553415086933,0.1639123023939802,0.1639123023939802
все,0.08236196212714558,-0.08057148468959885,-0.16293344681674443,0.16293344681674443
стратегии,-0.07938653750441572,0.07766074321084149,0.1570472807152572,0.1570472807152572
который,0.07628809522646485,-0.07462965837371517,-0.15091775360018,0.15091775360018
чтобы,-0.07554850371537429,0.07390614493895298,0.14945464865432728,0.14945464865432728
если,0.07498315843140069,-0.07335308976984838,-0.14833624820124908,0.14833624820124908
даже,-0.07491537410589524,0.07328677901663674,0.148202153122532,0.148202153122532
от,0.07451945515651699,-0.0728994670009404,-0.1474189221574574,0.1474189221574574
д,0.07344607623458371,-0.07184942240339716,-0.14529549863798086,0.14529549863798086
представляет,-0.07247739577941836,0.070901800218996,0.14337919599841437,0.14337919599841437
метафоры,-0.07071734679183699,0.06918001316592759,0.1398973599577646,0.1398973599577646
внимание,-0.07056235646881574,0.06902839219775476,0.1395907486665705,0.1395907486665705
перевода,-0.06158741912778151,0.060248562190221004,0.12183598131800252,0.12183598131800252
игры,0.05958209260203928,-0.05828682971938629,-0.11786892232142557,0.11786892232142557
русском,-0.059203985652034184,0.05791694248568567,0.11712092813771985,0.11712092813771985
признаков,0.05897019560862755,-0.05768823483452692,-0.11665843044315446,0.11665843044315446
понятие,0.05873272675655817,-0.057455928348806945,-0.11618865510536511,0.11618865510536511
наиболее,0.05251534468553763,-0.05137370675759095,-0.10388905144312859,0.10388905144312859
стороны,0.051723464112565135,-0.05059904097968317,-0.1023225050922483,0.1023225050922483
a,0.05136336372815226,-0.05024676886449677,-0.10161013259264903,0.10161013259264903
же,0.05096317094763403,-0.04985527592703333,-0.10081844687466736,0.10081844687466736
его,0.050184637112102234,-0.04909366674010062,-0.09927830385220285,0.09927830385220285
либо,-0.04824933850371464,0.0472004398405904,0.09544977834430504,0.09544977834430504
до,-0.04531123028912839,0.04432620354371219,0.08963743383284058,0.08963743383284058
слово,-0.04466895820082791,0.04369789389211421,0.08836685209294212,0.08836685209294212
текста,0.04421363372838979,-0.04325246777777274,-0.08746610150616252,0.08746610150616252
об,0.0434092741730735,-0.042465594299745904,-0.0858748684728194,0.0858748684728194
используется,-0.03898775378779762,0.0381401939228454,0.07712794771064302,0.07712794771064302
можно,0.036999564785834105,-0.03619522642092458,-0.07319479120675867,0.07319479120675867
у,-0.03657345086119408,0.03577837584247246,0.07235182670366655,0.07235182670366655
системы,0.035813091486459364,-0.03503454601936241,-0.07084763750582176,0.07084763750582176
тексте,0.03462418513417834,-0.033871485457348485,-0.06849567059152682,0.06849567059152682
метафор,-0.033794484485696254,0.03305982177948557,0.06685430626518182,0.06685430626518182
однако,0.03197614730262372,-0.03128101366560986,-0.06325716096823358,0.06325716096823358
между,-0.03101021186240587,0.03033607682191881,0.06134628868432468,0.06134628868432468
их,-0.027538890878535872,0.026940219337698114,0.054479110216233986,0.054479110216233986
является,-0.023487349634788116,0.022976755077510142,0.046464104712298254,0.046464104712298254
одной,0.021077078516331473,-0.020618881157280562,-0.04169595967361203,0.04169595967361203
собой,0.019109487772254574,-0.01869406412503143,-0.037803551897286,0.037803551897286
теории,-0.017662536441145932,0.017278568257642547,0.03494110469878848,0.03494110469878848
значение,0.017591939615671588,-0.0172095061457657,-0.03480144576143729,0.03480144576143729
язык,-0.01726584856667314,0.01689050403261524,0.034156352599288384,0.034156352599288384
глаголы,-0.01666014869897683,0.01629797155334682,0.032958120252323655,0.032958120252323655
являются,-0.016094346879667393,0.015744469773587736,0.03183881665325513,0.03183881665325513
этого,-0.014842217670793412,0.01451956076490696,0.02936177843570037,0.02936177843570037
дискурсе,-0.014692762928094837,0.014373355038353663,0.0290661179664485,0.0290661179664485
позиции,0.013481630350926695,-0.01318855143025424,-0.026670181781180934,0.026670181781180934
метафора,-0.012283232119833946,0.012016205334620101,0.024299437454454047,0.024299437454454047
этом,0.010284745558449795,-0.010061164133265995,-0.02034590969171579,0.02034590969171579
хлеб,0.01021782849764947,-0.009995701791178863,-0.020213530288828333,0.020213530288828333
уже,-0.008850657374987383,0.00865825177987889,0.017508909154866272,0.017508909154866272
глаголов,-0.00785394617148005,0.007683208211230361,0.01553715438271041,0.01553715438271041
могут,-0.006668031476405008,0.006523074270396006,0.013191105746801015,0.013191105746801015
речи,0.006560966397777462,-0.006418336693477916,-0.012979303091255378,0.012979303091255378
культуры,0.006410786071829473,-0.006271421157224436,-0.012682207229053909,0.012682207229053909
не,-0.0044219026745040465,0.004325774355493917,0.008747677029997965,0.008747677029997965
русского,-0.00431132505295559,0.004217600595282701,0.008528925648238291,0.008528925648238291
языках,-0.004053495078038284,0.003965375619820172,0.008018870697858456,0.008018870697858456
к,0.0030983708124001914,-0.003031014925174351,-0.0061293857375745425,0.0061293857375745425
текстов,-4.081169230907042e-05,3.9924481606646225e-05,8.073617391571665e-05,8.073617391571665e-05
