metric_id,metric_name,corpus_value
1,dependency_tree_each_sentence,1.0
2,constituency_tree_each_sentence,0.0
3,dep_tree_max_depth,42.0
4,dep_tree_mean_depth,2.9358522014972124
5,const_tree_max_depth,2.0
6,mean_dependency_distance,3.283444194769966
7,dependency_distance_p95,11.0
8,nonprojective_arc_ratio,0.011174877157699614
9,mean_branching_factor,2.072552194494821
10,nested_subordinate_clause_ratio,0.12957656797198344
11,predicate_centers_per_sentence,1.622110365398956
12,tree_template_repeat_ratio,0.029455630126771066
13,first_token_pos_mode_share,0.22371364653243847
14,last_token_pos_mode_share,0.6895973154362416
15,first3_pos_pattern_mode_share,0.05089485458612975
16,last3_pos_pattern_mode_share,0.10626398210290827
17,relpos_first_finite_verb_mean,0.3122064493336599
18,relpos_first_noun_mean,0.12688625093698735
19,relpos_first_pronoun_mean,0.38847126334080595
20,relpos_noun_mean,0.5189260430630024
21,relpos_verb_aux_mean,0.47109294819694575
22,relpos_adj_adv_mean,0.4932347911285537
23,relpos_pron_det_adp_mean,0.45874602293411093
24,pos_decile_entropy_mean,0.975858890984389
26,sentence_start_repeat_index,0.2535421327367636
27,rhetorical_schema_DEC_share,0.0007459903021260724
28,syntactic_skeleton_ngram_repeat_index,0.9865001045477422
30,sentence_length_cv,0.6827581184157503
31,serial_enumeration_index,0.203579418344519
39,overgeneralization_index,0.2757009345794392
41,abstract_nominalization_density_per_100w,4.098927854427406
42,significance_intensifier_density_per_100w,0.013668788176498227
43,function_content_ratio,0.3256361762607445
44,mtld,124.58266982971585
45,hdd,0.9385326720327618
46,hapax_ratio,0.5228565409732463
47,morphological_variability_index,0.6735573696250994
48,terminological_cyclicity_index,31.174438466278637
49,punctuation_entropy,0.4227248942097644
50,comma_position_profile_mean,0.47976589378525675
51,comma_position_profile_std,0.25378071349102593
53,constituency_tree_coverage,0.0
54,dependency_tree_coverage,1.0
55,dependency_distance_p90,7.0
56,text_too_short_flag,0.0
57,sentences_len_le10_share,0.19798657718120805
58,sentences_len_11_20_share,0.35197613721103654
59,sentences_len_21_30_share,0.24161073825503357
60,sentences_len_31_40_share,0.11782252050708426
61,sentences_len_gt40_share,0.09060402684563758
62,comma_count_0_share,0.24030574198359433
63,comma_count_1_share,0.22166293810589113
64,comma_count_2_share,0.17598806860551827
65,comma_count_3_share,0.1366517524235645
66,comma_count_ge4_share,0.22539149888143176
67,subordinate_marker_chto_share,0.16480238627889635
68,subordinate_marker_kotory_share,0.1493288590604027
69,subordinate_marker_kogda_share,0.015846383296047727
70,subordinate_marker_potomu_share,0.02815063385533184
71,stem_density_cognitive_per_1k,2.007603263423177
72,stem_density_model_per_1k,0.8286702832002051
73,stem_density_concept_per_1k,0.07688693349280253
74,stem_density_projection_per_1k,0.18794583742685061
75,stem_density_key_per_1k,0.23920379308871897
76,stem_density_system_per_1k,0.05125795566186835
78,pattern_start_dannyi,0.005592841163310962
79,pattern_start_vramkah,0.002609992542878449
80,pattern_example_intro,0.03859060402684564
81,pattern_enum_colon,0.07624906785980612
82,pattern_definition,0.013982102908277404
83,pattern_result_verb,0.0044742729306487695
84,pattern_nominal_abstract,0.2197986577181208
87,syntactic_template_coverage_top3,0.011372110365398955
88,dependency_distance_median,2.0
89,dependency_distance_iqr,2.0
92,morphology_case_entropy,0.8832447591939547
93,morphology_tense_entropy,0.6142335544688615
94,morphology_mood_entropy,0.10942010966663132
95,morphology_person_entropy,0.3634799142884572
96,domain_transfer_warning_score,0.16028267752929642
97,template_regularity_index,0.25457071442185264
100,report_confidence_score,0.8
101,punctuation_marks_per_100w,29992.0
102,comma_per_100w,12468.0
103,semicolon_per_100w,535.0
104,colon_per_100w,942.0
105,dash_per_100w,2093.0
106,parenthesis_per_100w,4019.0
107,quotes_per_100w,3644.0
108,ellipsis_per_100w,125.0
109,exclamation_per_100w,122.0
110,question_per_100w,81.0
111,punctuation_to_sentence_ratio,5.591349739000746
112,comma_to_punct_ratio,0.41571085622832754
113,sentence_terminal_question_share,0.008762117822520506
114,sentence_terminal_exclamation_share,0.011372110365398955
115,sentence_terminal_ellipsis_share,0.005779269202087994
116,function_word_density_per_100w,28754.0
117,function_word_type_token_ratio,0.00643388745913612
118,preposition_density_per_100w,12036.0
119,unique_prepositions_ratio,0.004985044865403789
120,top_preposition_share,0.39780658025922233
121,conjunction_density_per_100w,6958.0
122,subordinating_conj_density_per_100w,2222.0
123,coordinating_conj_density_per_100w,4736.0
124,particles_density_per_100w,2294.0
125,pronoun_density_per_100w,3846.0
126,determiner_density_per_100w,3143.0
127,function_word_entropy,0.6944307073306659
128,stopword_density_per_100w,28338.0
129,preposition_to_noun_ratio,0.26902101028162717
130,verbs_total_density_per_100w,14207.0
131,finite_verb_share,0.5588235294117647
132,infinitive_verb_share,0.15009898190045248
133,participle_verb_share,0.26131221719457015
134,converb_verb_share,0.029765271493212668
135,imperative_verb_share,0.013670886075949367
136,past_tense_share,0.285053799596503
137,present_tense_share,0.6988063214525891
138,future_tense_share,0.01613987895090787
139,perfective_aspect_share,0.26498868778280543
140,imperfective_aspect_share,0.7350113122171946
141,auxiliary_share_in_verbs,0.03357499824030408
142,noun_case_nominative_share,0.25728277534955035
143,noun_case_genitive_share,0.3814732602576718
144,noun_case_dative_share,0.0401611020847159
145,noun_case_accusative_share,0.12151307810247373
146,noun_case_instrumental_share,0.08094006727842742
147,noun_case_locative_share,0.1186297169271608
148,pos_inventory_size,16.0
149,noun_density_per_100w,38.22134893853317
150,verb_density_per_100w,12.137029601469393
151,adjective_density_per_100w,16.147964632010595
152,adverb_density_per_100w,4.070735978813379
153,verb_to_noun_ratio,0.317545820295038
154,adjective_to_noun_ratio,0.4224854716137684
155,adverb_to_verb_ratio,0.3353980432181319
156,pronoun_to_noun_ratio,0.08596334376396961
157,adjective_noun_bigram_share,0.3048999309868875
158,finite_verbs_per_sentence,1.4735272184936614
159,nouns_per_sentence,8.340790454884415
160,adjectives_per_sentence,3.52386278896346
161,formulaic_lemma_4_6_repeat_index,0.02795989870607417
162,formulaic_slot_4_6_repeat_index,0.4336455406389843
163,formulaic_lemma_top10_coverage,0.0005307524196066188
164,formulaic_slot_top10_coverage,0.02474416345786936
165,pos_transition_entropy,0.7156293473629678
166,deprel_transition_entropy,0.7651380252238048
167,joint_pos_deprel_transition_entropy,0.7266963386203968
168,passive_construction_share,0.4306487695749441
169,impersonal_construction_share,0.11167039522744221
170,passive_impersonal_index,0.27115958240119314
171,nested_parentheses_share,0.005219985085756898
172,parenthetical_insertion_share,0.22800149142431023
173,dash_insertion_share,0.18269947800149142
174,quote_block_share,0.21066368381804623
175,parcellation_fragment_share,0.05089485458612975
186,abstract_lexicon_density_per_100w,7.867408070123781
187,concrete_lexicon_density_per_100w,1.0520832153656245
188,abstract_to_concrete_ratio,7.477933261571582
189,sentence_abstractness_mean,0.5403394577499723
190,sentence_abstractness_std,0.4811183039028093
191,lexical_density_content_share,0.7543547904831063
192,mean_word_length_chars,6.550228525052326
193,median_word_length_chars,6.0
194,mean_sentence_length_tokens,21.82233407904549
195,median_sentence_length_tokens,19.0
196,sentence_type_colon_share,0.1575316927665921
197,sentence_type_dash_share,0.3131991051454139
198,sentence_type_parenthesis_share,0.2483221476510067
199,sentence_type_quote_share,0.2632363907531693
200,pos_at_3_VERB_share,0.16158127038956055
201,pos_at_4_ADJ_share,0.1537116206762534
202,pos_at_1_NOUN_share,0.20813888370356542
203,pos_at_2_NOUN_share,0.38056450085243415
204,pos_at_3_NOUN_share,0.3607752830550758
205,pos_at_4_NOUN_share,0.34123591138748544
206,pos_at_1_VERB_share,0.076162030987493
207,pos_at_2_VERB_share,0.11460503883311234
208,pos_at_4_VERB_share,0.16673144189661873
209,pos_at_1_ADJ_share,0.1635243606496173
210,pos_at_2_ADJ_share,0.15987876491759803
211,pos_at_3_ADJ_share,0.14200729226635964
212,pos_pattern_VERB_ADJ_ADJ_share,0.0009595087315294569
213,pos_pattern_NOUN_VERB_NOUN_share,0.010554596046824027
214,pos_pattern_ADJ_NOUN_VERB_share,0.03185568988677797
215,pos_position_profile_entropy_1_4,0.753806161957058
216,global_reliability_index,0.5963700440528635
217,reliability_high_share,0.2599118942731278
218,reliability_medium_share,0.7312775330396476
219,reliability_low_share,0.00881057268722467
220,morph_features_per_token_mean,3.1633676476869845
221,abstract_nominal_suffix_share,0.1924005364327224
222,noun_to_verb_ratio,3.1491518265643696
223,nominal_predicate_share,0.17319164802386278
224,prepredicate_span_mean,4.220310136157337
225,fronted_adverbial_share,0.517337807606264
226,sentence_initial_eto_count,75.0
227,sentence_initial_eto_share,0.013982102908277404
228,eto_sentence_chain_max,2.0
229,eto_predicate_mode_share,0.04054054054054054
230,specificichn_family_count,2.0
231,word_family_dopoln_count,38.0
232,word_family_odnovrem_count,36.0
233,word_family_klyuchev_count,28.0
234,word_family_ramka_count,99.0
235,word_family_fiks_count,24.0
236,word_family_fokus_count,13.0
237,sentence_initial_demonstrative_count,136.0
238,sentence_initial_demonstrative_share,0.02535421327367636
239,demonstrative_sentence_chain_max,2.0
240,demonstrative_predicate_mode_share,0.037037037037037035
241,sentence_initial_pronoun_3p_count,43.0
242,sentence_initial_pronoun_3p_share,0.00801640566741238
243,pronoun_3p_sentence_chain_max,2.0
244,exact_word_dopolnitelno_count,6.0
245,exact_word_odnovremenno_count,29.0
246,exact_word_klyuchevoy_count,5.0
247,exact_word_ramka_count,1.0
248,exact_word_fiksirovat_count,0.0
249,exact_word_fokus_count,1.0
250,exact_word_fundamentalny_count,1.0
251,exact_word_analogichno_count,3.0
252,exact_word_domen_count,0.0
253,exact_word_token_count,0.0
254,exact_word_effekt_count,13.0
255,word_family_fundamentaln_count,5.0
256,word_family_analogichn_count,11.0
257,word_family_domen_count,1.0
258,word_family_token_count,0.0
259,word_family_effekt_count,41.0
9999,pos_schema_repeated_sentence_share,0.0496546574575322
9999,pos_schema_repeat_excess,0.036027627403397426
9999,pos_schema_top10_coverage,0.020907224192645138
9999,pos_schema_compact_repeated_sentence_share,0.0496546574575322
9999,pos_schema_compact_repeat_excess,0.036027627403397426
9999,pos_schema_compact_top10_coverage,0.020907224192645138
