metric_id,metric_name,median,mean,iqr,entropy_norm,heterogeneity_level,corpus_value
1.0,dependency_tree_each_sentence,1.0,1.0,0.0,0.0,низкая,1.0
2.0,constituency_tree_each_sentence,0.0,0.0,0.0,0.0,низкая,0.0
3.0,dep_tree_max_depth,16.0,16.77777777777778,5.0,0.8506625624370119,средняя,42.0
4.0,dep_tree_mean_depth,3.0746005680496826,3.003889664187673,0.5916482607983378,0.8637174931181817,средняя,2.9358522014972124
5.0,const_tree_max_depth,2.0,2.0,0.0,0.0,низкая,2.0
6.0,mean_dependency_distance,2.9346578366445915,3.243056093979198,0.38337020472101946,0.7598271562755714,средняя,3.283444194769966
7.0,dependency_distance_p95,9.649999999999977,10.88111111111111,2.0,0.8231613405691268,средняя,11.0
8.0,nonprojective_arc_ratio,0.008391367087019262,0.010986281060140103,0.0053965163766051755,0.847872996786312,средняя,0.011174877157699614
9.0,mean_branching_factor,1.9017010749899899,2.066802400275072,0.14678139032767024,0.7778701173939877,средняя,2.072552194494821
10.0,nested_subordinate_clause_ratio,0.1206896551724138,0.11806206290780234,0.04314934155225553,0.9429209595960047,средняя,0.12957656797198344
11.0,predicate_centers_per_sentence,1.595505617977528,1.6067024013334184,0.3700305810397553,0.851641235331737,средняя,1.622110365398956
12.0,tree_template_repeat_ratio,0.008264462809917356,0.021491308888223478,0.023529411764705882,0.67788399896097,высокая,0.029455630126771066
13.0,first_token_pos_mode_share,0.2833333333333333,0.28398931116895987,0.09646274777853725,0.8985507546618148,средняя,0.22371364653243847
14.0,last_token_pos_mode_share,0.6900584795321637,0.6882461842198649,0.18469547110879747,0.8997104009351448,средняя,0.6895973154362416
15.0,first3_pos_pattern_mode_share,0.07865168539325842,0.08117879687004306,0.037570224719101125,0.833609907432788,средняя,0.05089485458612975
16.0,last3_pos_pattern_mode_share,0.125,0.13026895778798497,0.05654885654885655,0.823753465690782,средняя,0.10626398210290827
17.0,relpos_first_finite_verb_mean,0.30961060168082255,0.30751804896431717,0.04052713280440556,0.8003364246078172,средняя,0.3122064493336599
18.0,relpos_first_noun_mean,0.11857308649752825,0.12366226796861068,0.05129107188699361,0.8087348264224954,средняя,0.12688625093698735
19.0,relpos_first_pronoun_mean,0.4033513975164468,0.40067350333894236,0.10125048274142989,0.9068687904601851,средняя,0.38847126334080595
20.0,relpos_noun_mean,0.5198499696194429,0.5175445558017517,0.017858582845370785,0.8683717079325005,средняя,0.5189260430630024
21.0,relpos_verb_aux_mean,0.466655691496515,0.4645882601275298,0.03072658500963027,0.8505104182057308,средняя,0.47109294819694575
22.0,relpos_adj_adv_mean,0.49188765296693077,0.4929869301127891,0.023071746849139263,0.8249015811567252,средняя,0.4932347911285537
23.0,relpos_pron_det_adp_mean,0.46054098033835206,0.45697637719345774,0.03002861963060377,0.8006060330679591,средняя,0.45874602293411093
24.0,pos_decile_entropy_mean,0.925175973300239,0.922634997187424,0.037206432178474635,0.8593094028293025,средняя,0.975858890984389
26.0,sentence_start_repeat_index,0.10071942446043165,0.10047423819663638,0.07839262187088272,0.9278636738518022,средняя,0.2535421327367636
27.0,rhetorical_schema_DEC_share,0.0,0.00036089185688398175,0.0,0.0,средняя,0.0007459903021260724
28.0,syntactic_skeleton_ngram_repeat_index,0.8196063348848598,0.8077078604126087,0.0949953311582743,0.9008412824578009,средняя,0.9865001045477422
30.0,sentence_length_cv,0.5932016739019065,0.6246843629664347,0.21059815601973886,0.947502774102161,средняя,0.6827581184157503
31.0,serial_enumeration_index,0.21348314606741572,0.2087553361157632,0.09651454733421944,0.9507046239798376,средняя,0.203579418344519
39.0,overgeneralization_index,0.3,0.4811051057112289,0.3692307692307692,0.7241664317325011,средняя,0.2757009345794392
41.0,abstract_nominalization_density_per_100w,3.5563874590547497,4.051524215871164,2.2434429214090237,0.8581815534461271,средняя,4.098927854427406
42.0,significance_intensifier_density_per_100w,0.0,0.01666265881749407,0.021074815595363543,0.5122859880865147,высокая,0.013668788176498227
43.0,function_content_ratio,0.3222713864306785,0.32194919408823097,0.08757999431927277,0.8487532851750623,средняя,0.3256361762607445
44.0,mtld,126.66377501030077,129.2534746290231,38.272989982532266,0.8515877377824427,средняя,124.58266982971585
45.0,hdd,0.9052246564373981,0.9026135660938059,0.016573853245536063,0.8674113310586855,средняя,0.9385326720327618
46.0,hapax_ratio,0.60984393757503,0.6063057196173408,0.06369896539469888,0.8994881558376338,средняя,0.5228565409732463
47.0,morphological_variability_index,0.658487993278522,0.6599384272096476,0.03121786472115462,0.8709964023200051,средняя,0.6735573696250994
48.0,terminological_cyclicity_index,26.19052023714128,26.358282502264313,5.7528180948337635,0.9074553423781684,средняя,31.174438466278637
49.0,punctuation_entropy,0.6894815470495816,0.6874884313320002,0.09371235105150755,0.9763293707253591,средняя,0.4227248942097644
50.0,comma_position_profile_mean,0.4862599032961107,0.4826694060848221,0.033489916274560994,0.9529943391963974,средняя,0.47976589378525675
51.0,comma_position_profile_std,0.2516213695692103,0.2514610392893234,0.012239474665333872,0.8634965885914633,средняя,0.25378071349102593
53.0,constituency_tree_coverage,0.0,0.0,0.0,0.0,низкая,0.0
54.0,dependency_tree_coverage,1.0,1.0,0.0,0.0,низкая,1.0
55.0,dependency_distance_p90,6.0,6.913333333333337,1.0,0.7045725621813851,средняя,7.0
56.0,text_too_short_flag,0.0,0.0,0.0,0.0,низкая,0.0
57.0,sentences_len_le10_share,0.14285714285714285,0.18578136272361062,0.15773955773955775,0.8342153131779247,средняя,0.19798657718120805
58.0,sentences_len_11_20_share,0.3333333333333333,0.3461516181132472,0.09055572426358943,0.9117257645231577,средняя,0.35197613721103654
59.0,sentences_len_21_30_share,0.23728813559322035,0.24376343009046644,0.06578947368421056,0.8910513867464802,средняя,0.24161073825503357
60.0,sentences_len_31_40_share,0.12025316455696203,0.1263880724935137,0.06944444444444443,0.9015872985146831,средняя,0.11782252050708426
61.0,sentences_len_gt40_share,0.09523809523809523,0.09791551657916209,0.08199322894625477,0.9353388257803973,средняя,0.09060402684563758
62.0,comma_count_0_share,0.21348314606741572,0.2371590190487866,0.12731281756303325,0.8776366853719746,средняя,0.24030574198359433
63.0,comma_count_1_share,0.21311475409836064,0.2216586426265754,0.07099080694586313,0.9721627118476588,средняя,0.22166293810589113
64.0,comma_count_2_share,0.17582417582417584,0.17157828593887606,0.04504624392840506,0.881767955829203,средняя,0.17598806860551827
65.0,comma_count_3_share,0.1348314606741573,0.13775986892884096,0.052012383900928785,0.9261367609273428,средняя,0.1366517524235645
66.0,comma_count_ge4_share,0.23076923076923078,0.231844183456921,0.11135050741608118,0.9396645969449642,средняя,0.22539149888143176
67.0,subordinate_marker_chto_share,0.14285714285714285,0.16028159326861355,0.12844611528822056,0.9129618927079923,средняя,0.16480238627889635
68.0,subordinate_marker_kotory_share,0.15675675675675677,0.1545903485638766,0.12089728453364817,0.8572424935006465,средняя,0.1493288590604027
69.0,subordinate_marker_kogda_share,0.007194244604316547,0.01369757191567708,0.02247191011235955,0.7212989375744387,высокая,0.015846383296047727
70.0,subordinate_marker_potomu_share,0.02631578947368421,0.03166357073247424,0.03349298665754362,0.8749333274888536,средняя,0.02815063385533184
71.0,stem_density_cognitive_per_1k,0.0,1.7933447296535479,2.4354603019970775,0.6055010530621602,высокая,2.007603263423177
72.0,stem_density_model_per_1k,0.39319768013368717,0.9071543450496672,1.2195121951219512,0.5762515347627761,высокая,0.8286702832002051
73.0,stem_density_concept_per_1k,0.0,0.1136475523137062,0.0,0.0,средняя,0.07688693349280253
74.0,stem_density_projection_per_1k,0.0,0.16334002562423508,0.0,0.0,средняя,0.18794583742685061
75.0,stem_density_key_per_1k,0.0,0.23505461895058757,0.4214963119072708,0.6139598435252088,высокая,0.23920379308871897
76.0,stem_density_system_per_1k,0.0,0.07925684528778952,0.0,0.0,средняя,0.05125795566186835
78.0,pattern_start_dannyi,0.0,0.007286050691605816,0.008264462809917356,0.6121651851977701,высокая,0.005592841163310962
79.0,pattern_start_vramkah,0.0,0.0033894293227825518,0.0,0.0,средняя,0.002609992542878449
80.0,pattern_example_intro,0.03676470588235294,0.03906130062738395,0.03996355906468266,0.8738053671293781,средняя,0.03859060402684564
81.0,pattern_enum_colon,0.07142857142857142,0.07681389081157498,0.060182149362477226,0.9355788142697173,средняя,0.07624906785980612
82.0,pattern_definition,0.009009009009009009,0.011897556260726264,0.017543859649122806,0.7005136402123153,высокая,0.013982102908277404
83.0,pattern_result_verb,0.0,0.004316508215855664,0.005494505494505495,0.5725084533803839,высокая,0.0044742729306487695
84.0,pattern_nominal_abstract,0.21804511278195488,0.23516244493062446,0.20238095238095236,0.9545742446020145,средняя,0.2197986577181208
87.0,syntactic_template_coverage_top3,0.03642987249544627,0.05413321004569618,0.025765678172095283,0.7805700506760045,средняя,0.011372110365398955
88.0,dependency_distance_median,2.0,2.022222222222222,0.0,0.0,низкая,2.0
89.0,dependency_distance_iqr,2.0,2.2888888888888888,0.0,0.0,низкая,2.0
92.0,morphology_case_entropy,0.8726250196111613,0.8707497286082576,0.035443602362135396,0.862756844368427,средняя,0.8832447591939547
93.0,morphology_tense_entropy,0.6026099280868785,0.6173668749716911,0.12271209955382512,0.8748110373077167,средняя,0.6142335544688615
94.0,morphology_mood_entropy,0.09597040299587187,0.10714935535713423,0.10202446542448809,0.8259632097978348,средняя,0.10942010966663132
95.0,morphology_person_entropy,0.33751885165878304,0.3430525207171343,0.17437834952910994,0.8652657067953706,средняя,0.3634799142884572
96.0,domain_transfer_warning_score,0.10922921180299565,0.12163028199859215,0.03871486569332028,0.8601868697674707,средняя,0.16028267752929642
97.0,template_regularity_index,0.18795986849424706,0.18687681214906707,0.02728201020839155,0.931586549635914,средняя,0.25457071442185264
100.0,report_confidence_score,0.8,0.7999999999999997,0.0,0.0,низкая,0.8
101.0,punctuation_marks_per_100w,603.0,666.4666666666667,335.0,0.860584710900931,средняя,29992.0
102.0,comma_per_100w,233.0,277.06666666666666,163.0,0.8330390382569912,средняя,12468.0
103.0,semicolon_per_100w,7.0,11.88888888888889,11.0,0.7922285172176567,высокая,535.0
104.0,colon_per_100w,16.0,20.933333333333334,13.0,0.8692813065569083,высокая,942.0
105.0,dash_per_100w,36.0,46.51111111111111,37.0,0.8610388863542093,средняя,2093.0
106.0,parenthesis_per_100w,68.0,89.31111111111112,64.0,0.8096377438003565,высокая,4019.0
107.0,quotes_per_100w,54.0,80.97777777777777,66.0,0.8315736300193355,высокая,3644.0
108.0,ellipsis_per_100w,1.0,2.7777777777777777,4.0,0.7240345888528966,высокая,125.0
109.0,exclamation_per_100w,0.0,2.7111111111111112,1.0,0.5301465372636736,высокая,122.0
110.0,question_per_100w,0.0,1.8,2.0,0.5411188361527736,высокая,81.0
111.0,punctuation_to_sentence_ratio,5.438202247191011,5.731840295778779,1.6701326100060276,0.8593094028293025,средняя,5.591349739000746
112.0,comma_to_punct_ratio,0.3969270166453265,0.4157497045276258,0.1186486780546186,0.956792284406827,средняя,0.41571085622832754
113.0,sentence_terminal_question_share,0.0,0.007188242116698797,0.00819672131147541,0.5949409703121703,высокая,0.008762117822520506
114.0,sentence_terminal_exclamation_share,0.0,0.004980669221563571,0.0,0.0,средняя,0.011372110365398955
115.0,sentence_terminal_ellipsis_share,0.0,0.00663045790766094,0.010101010101010102,0.6196245552476317,высокая,0.005779269202087994
116.0,function_word_density_per_100w,532.0,638.9777777777778,396.0,0.8545035734622476,средняя,28754.0
117.0,function_word_type_token_ratio,0.12053571428571429,0.13075842278700792,0.06471135940409685,0.879480596446427,средняя,0.00643388745913612
118.0,preposition_density_per_100w,228.0,267.46666666666664,147.0,0.8920614730083816,средняя,12036.0
119.0,unique_prepositions_ratio,0.08450704225352113,0.09838833890269441,0.0478996809641971,0.8817679558292029,средняя,0.004985044865403789
120.0,top_preposition_share,0.40454545454545454,0.39997029886274743,0.06755566138826047,0.8334491436968053,средняя,0.39780658025922233
121.0,conjunction_density_per_100w,124.0,154.62222222222223,121.0,0.8422842547421348,средняя,6958.0
122.0,subordinating_conj_density_per_100w,37.0,49.37777777777778,39.0,0.827838908092034,средняя,2222.0
123.0,coordinating_conj_density_per_100w,86.0,105.24444444444444,76.0,0.8004940896676406,средняя,4736.0
124.0,particles_density_per_100w,42.0,50.977777777777774,47.0,0.7968684145930263,средняя,2294.0
125.0,pronoun_density_per_100w,67.0,85.46666666666667,56.0,0.8054488378188475,средняя,3846.0
126.0,determiner_density_per_100w,53.0,69.84444444444445,50.0,0.7673463299827774,средняя,3143.0
127.0,function_word_entropy,0.8038611236873011,0.8049353260477602,0.04035984358599953,0.9592203249226497,средняя,0.6944307073306659
128.0,stopword_density_per_100w,558.0,629.7333333333333,402.0,0.8596885413629497,средняя,28338.0
129.0,preposition_to_noun_ratio,0.25837988826815644,0.2715185994999468,0.08201115733736761,0.9421878670030941,средняя,0.26902101028162717
130.0,verbs_total_density_per_100w,271.0,315.7111111111111,173.0,0.8695181366826257,средняя,14207.0
131.0,finite_verb_share,0.5548387096774193,0.5552913365434219,0.09020679238577556,0.8846658573427518,средняя,0.5588235294117647
132.0,infinitive_verb_share,0.136986301369863,0.1455035033097951,0.0814034864486576,0.8596885413629497,средняя,0.15009898190045248
133.0,participle_verb_share,0.26199261992619927,0.26857630932723703,0.11847496753715189,0.8596921196024446,средняя,0.26131221719457015
134.0,converb_verb_share,0.02564102564102564,0.03062885081954582,0.025273224043715844,0.8372859137297664,средняя,0.029765271493212668
135.0,imperative_verb_share,0.00558659217877095,0.012529087129325567,0.01791044776119403,0.7235614884808448,высокая,0.013670886075949367
136.0,past_tense_share,0.25416666666666665,0.28032289816780803,0.08486439195100615,0.8289768962664692,средняя,0.285053799596503
137.0,present_tense_share,0.7322175732217573,0.7024904386379126,0.10201502106612936,0.8252822351496477,средняя,0.6988063214525891
138.0,future_tense_share,0.015184381778741865,0.017186663194279393,0.0173992673992674,0.8164508382301945,высокая,0.01613987895090787
139.0,perfective_aspect_share,0.2671232876712329,0.2624254241514512,0.07341882199521846,0.8837389097438674,средняя,0.26498868778280543
140.0,imperfective_aspect_share,0.7328767123287672,0.7375745758485487,0.07341882199521843,0.8837389097438676,средняя,0.7350113122171946
141.0,auxiliary_share_in_verbs,0.029535864978902954,0.032391986822274295,0.024700171330668194,0.9325392923076974,средняя,0.03357499824030408
142.0,noun_case_nominative_share,0.25418060200668896,0.2575589816554929,0.07182142672391495,0.90591117526854,средняя,0.25728277534955035
143.0,noun_case_genitive_share,0.3857442348008386,0.3817930771563534,0.0714204462924754,0.9221090363437177,средняя,0.3814732602576718
144.0,noun_case_dative_share,0.03776683087027915,0.0389141590994092,0.018596751634173493,0.8589345180321234,средняя,0.0401611020847159
145.0,noun_case_accusative_share,0.11689145793192036,0.11906967927087196,0.03584378635093985,0.8999491858200263,средняя,0.12151307810247373
146.0,noun_case_instrumental_share,0.07804232804232804,0.08102642988939973,0.022892610724225743,0.8744662744576104,средняя,0.08094006727842742
147.0,noun_case_locative_share,0.12040133779264214,0.12163767292847273,0.026159422011398217,0.9141858118727362,средняя,0.1186297169271608
148.0,pos_inventory_size,14.0,14.355555555555556,1.0,0.9240236658403387,средняя,16.0
149.0,noun_density_per_100w,39.2214685933353,38.541357831284856,7.3603653984424255,0.9695375302655391,средняя,38.22134893853317
150.0,verb_density_per_100w,11.46847228099873,11.967507421854807,2.7176907744887906,0.8536659311753964,средняя,12.137029601469393
151.0,adjective_density_per_100w,16.11764705882353,16.419199300995597,3.713107365056194,0.8292604146039748,средняя,16.147964632010595
152.0,adverb_density_per_100w,3.8723818801753533,3.9825183992502198,1.8633004346393438,0.9512773064204949,средняя,4.070735978813379
153.0,verb_to_noun_ratio,0.298465829846583,0.3170265812423185,0.08585110794583772,0.8283792369454386,средняя,0.317545820295038
154.0,adjective_to_noun_ratio,0.4008168028004667,0.42971199218447065,0.11277331563525711,0.8709964023200051,средняя,0.4224854716137684
155.0,adverb_to_verb_ratio,0.3258426966292135,0.3409128765992531,0.12462870390494818,0.8683486036437121,средняя,0.3353980432181319
156.0,pronoun_to_noun_ratio,0.07708333333333334,0.08399217844656569,0.031110972191833626,0.8393746293359187,средняя,0.08596334376396961
157.0,adjective_noun_bigram_share,0.2970027247956403,0.30973140091420803,0.06485935806101906,0.7756017429489024,средняя,0.3048999309868875
158.0,finite_verbs_per_sentence,1.424778761061947,1.4404782837037986,0.38447971781305124,0.9041387176138537,средняя,1.4735272184936614
159.0,nouns_per_sentence,8.523809523809524,8.62436400194629,2.94047619047619,0.9226958313968863,средняя,8.340790454884415
160.0,adjectives_per_sentence,3.8017241379310347,3.715570396439779,1.0457875457875456,0.8590894306481225,средняя,3.52386278896346
161.0,formulaic_lemma_4_6_repeat_index,0.009307135470527405,0.027795965751593783,0.01556256607216705,0.7138700282378021,высокая,0.02795989870607417
162.0,formulaic_slot_4_6_repeat_index,0.13099041533546327,0.15826583719155743,0.07204651130961685,0.8211196018914287,средняя,0.4336455406389843
163.0,formulaic_lemma_top10_coverage,0.004371952244829325,0.005325557392765879,0.0028026491386719584,0.8346162360732325,средняя,0.0005307524196066188
164.0,formulaic_slot_top10_coverage,0.015892174612753975,0.031933842604633354,0.009381933438985737,0.7684217622214758,высокая,0.02474416345786936
165.0,pos_transition_entropy,0.767397495504336,0.7719997982677258,0.04640078685323412,0.8293435027230114,средняя,0.7156293473629678
166.0,deprel_transition_entropy,0.8551906333904364,0.8474325721868509,0.03296130806230091,0.8340465478230409,средняя,0.7651380252238048
167.0,joint_pos_deprel_transition_entropy,0.8641602068554992,0.8568547301057996,0.046582590840919424,0.8481368515537481,средняя,0.7266963386203968
168.0,passive_construction_share,0.4444444444444444,0.4429624197024663,0.16046453546453543,0.8563437600971101,средняя,0.4306487695749441
169.0,impersonal_construction_share,0.11666666666666667,0.11947744944753115,0.07649528997843603,0.9352155463307282,средняя,0.11167039522744221
170.0,passive_impersonal_index,0.2857142857142857,0.2812199345749988,0.09854654159365012,0.8450468766968217,средняя,0.27115958240119314
171.0,nested_parentheses_share,0.0,0.004152556973836792,0.0,0.0,средняя,0.005219985085756898
172.0,parenthetical_insertion_share,0.21153846153846154,0.2263657625707396,0.16505127124596153,0.9336702641863365,средняя,0.22800149142431023
173.0,dash_insertion_share,0.2,0.1912647843212168,0.11149691358024691,0.9266640767370716,средняя,0.18269947800149142
174.0,quote_block_share,0.2,0.20845010874170677,0.17748917748917747,0.9448821324276979,средняя,0.21066368381804623
175.0,parcellation_fragment_share,0.027522935779816515,0.052100822338972216,0.05972581727542901,0.6808243507359442,высокая,0.05089485458612975
186.0,abstract_lexicon_density_per_100w,7.187112763320942,7.7510092558513435,4.743882027684146,0.9008412824578009,средняя,7.867408070123781
187.0,concrete_lexicon_density_per_100w,1.0911925175370227,1.1322490073034204,0.9129470194501519,0.9079035282175297,средняя,1.0520832153656245
188.0,abstract_to_concrete_ratio,7.739130434782608,17.058492033834835,11.285106382978723,0.6996678577003127,высокая,7.477933261571582
189.0,sentence_abstractness_mean,0.5431034482758621,0.5512939609981765,0.22216958716958723,0.9073313032490571,средняя,0.5403394577499723
190.0,sentence_abstractness_std,0.45552095000101667,0.43934189659574674,0.05692528717346507,0.7910631307645424,средняя,0.4811183039028093
191.0,lexical_density_content_share,0.7562744004461796,0.7589402349288024,0.05002537841022381,0.8687338299047906,средняя,0.7543547904831063
192.0,mean_word_length_chars,6.549631190727081,6.584374952500031,0.6078003938448031,0.8658422778635818,средняя,6.550228525052326
193.0,median_word_length_chars,6.0,6.4,1.0,0.7759563714502198,средняя,6.0
194.0,mean_sentence_length_tokens,23.650793650793652,22.460443500326377,6.468648648648649,0.8937189048838097,средняя,21.82233407904549
195.0,median_sentence_length_tokens,20.0,19.677777777777777,6.0,0.9577074656873884,средняя,19.0
196.0,sentence_type_colon_share,0.14606741573033707,0.1576364259742966,0.10950080515297905,0.9591982737194649,средняя,0.1575316927665921
197.0,sentence_type_dash_share,0.3181818181818182,0.32360133209193864,0.11763586180641478,0.9244874059140972,средняя,0.3131991051454139
198.0,sentence_type_parenthesis_share,0.21637426900584794,0.25142953770573606,0.21261134552273794,0.8742465796209316,средняя,0.2483221476510067
199.0,sentence_type_quote_share,0.24342105263157895,0.26679728034770606,0.20904761904761907,0.9538242442135771,средняя,0.2632363907531693
200.0,pos_at_3_VERB_share,0.15217391304347827,0.1572426278645164,0.057142857142857134,0.8572144097855267,средняя,0.16158127038956055
201.0,pos_at_4_ADJ_share,0.1527777777777778,0.1567260864900586,0.05380794701986755,0.8633356779025503,средняя,0.1537116206762534
202.0,pos_at_1_NOUN_share,0.2018348623853211,0.20750157086481835,0.0966648831817371,0.8261538259865957,средняя,0.20813888370356542
203.0,pos_at_2_NOUN_share,0.3783783783783784,0.38971722523865515,0.11001461988304095,0.9138207575669335,средняя,0.38056450085243415
204.0,pos_at_3_NOUN_share,0.373046875,0.3600842972809601,0.09180477619731181,0.9214248658543251,средняя,0.3607752830550758
205.0,pos_at_4_NOUN_share,0.33707865168539325,0.34488597512230174,0.06984019041142464,0.8418489700640361,средняя,0.34123591138748544
206.0,pos_at_1_VERB_share,0.07317073170731707,0.0767774708001621,0.04978354978354978,0.8191087011741557,средняя,0.076162030987493
207.0,pos_at_2_VERB_share,0.10714285714285714,0.11282555069925206,0.058495945825536855,0.8808997238606417,средняя,0.11460503883311234
208.0,pos_at_4_VERB_share,0.1676300578034682,0.16527085084855866,0.09003850661309225,0.961314104067012,средняя,0.16673144189661873
209.0,pos_at_1_ADJ_share,0.15819209039548024,0.16546401215166376,0.07000553403431102,0.8114783240924839,средняя,0.1635243606496173
210.0,pos_at_2_ADJ_share,0.15384615384615385,0.16137439832000539,0.06813142511590406,0.8139413594367017,средняя,0.15987876491759803
211.0,pos_at_3_ADJ_share,0.13679245283018868,0.1536341258896849,0.07878151260504201,0.8589345180321234,средняя,0.14200729226635964
212.0,pos_pattern_VERB_ADJ_ADJ_share,0.0,0.0015660413186402895,0.0,0.0,средняя,0.0009595087315294569
213.0,pos_pattern_NOUN_VERB_NOUN_share,0.008849557522123894,0.011688098698741848,0.016666666666666666,0.6908212771122862,высокая,0.010554596046824027
214.0,pos_pattern_ADJ_NOUN_VERB_share,0.02631578947368421,0.03344289266599046,0.030552291421856635,0.8418747833977842,средняя,0.03185568988677797
215.0,pos_position_profile_entropy_1_4,0.7845107570456972,0.7947101053848084,0.05946455074582946,0.8768236938809808,средняя,0.753806161957058
216.0,global_reliability_index,0.5963700440528635,0.5963700440528636,0.0,0.0,низкая,0.5963700440528635
217.0,reliability_high_share,0.2599118942731278,0.2599118942731277,0.0,0.0,низкая,0.2599118942731278
218.0,reliability_medium_share,0.7312775330396476,0.7312775330396475,0.0,0.0,низкая,0.7312775330396476
219.0,reliability_low_share,0.00881057268722467,0.008810572687224672,0.0,0.0,низкая,0.00881057268722467
220.0,morph_features_per_token_mean,3.2326656394453006,3.16114123697399,0.2598078503819674,0.9034508217655295,средняя,3.1633676476869845
221.0,abstract_nominal_suffix_share,0.18329938900203666,0.1910718977936826,0.07177871148459383,0.8818125872316812,средняя,0.1924005364327224
222.0,noun_to_verb_ratio,3.350467289719626,3.376380897656232,0.9652541273393664,0.8631420706295057,средняя,3.1491518265643696
223.0,nominal_predicate_share,0.18045112781954886,0.17553230089754976,0.09134074210515544,0.8961793790386023,средняя,0.17319164802386278
224.0,prepredicate_span_mean,4.308571428571429,4.311926022084988,0.7331653687585886,0.9006427439478117,средняя,4.220310136157337
225.0,fronted_adverbial_share,0.5338345864661654,0.5143562390634981,0.1414910226385636,0.9330186897980224,средняя,0.517337807606264
226.0,sentence_initial_eto_count,1.0,1.6666666666666667,2.0,0.6578857655542841,высокая,75.0
227.0,sentence_initial_eto_share,0.011235955056179775,0.01310147492743863,0.018518518518518517,0.7239576313491547,высокая,0.013982102908277404
228.0,eto_sentence_chain_max,1.0,0.6,1.0,0.7056088682384273,средняя,2.0
229.0,eto_predicate_mode_share,0.16666666666666666,0.3357239057239057,0.5,0.8772499873122939,высокая,0.04054054054054054
230.0,specificichn_family_count,0.0,0.044444444444444446,0.0,0.0,средняя,2.0
231.0,word_family_dopoln_count,0.0,0.8444444444444444,1.0,0.6165798918694453,высокая,38.0
232.0,word_family_odnovrem_count,0.0,0.8,1.0,0.6493293922185721,высокая,36.0
233.0,word_family_klyuchev_count,0.0,0.6222222222222222,1.0,0.6380286249990081,высокая,28.0
234.0,word_family_ramka_count,1.0,2.2,3.0,0.6693921791736204,средняя,99.0
235.0,word_family_fiks_count,0.0,0.5333333333333333,0.0,0.0,средняя,24.0
236.0,word_family_fokus_count,0.0,0.28888888888888886,0.0,0.0,средняя,13.0
237.0,sentence_initial_demonstrative_count,2.0,3.022222222222222,3.0,0.6950591370774408,средняя,136.0
238.0,sentence_initial_demonstrative_share,0.018018018018018018,0.023633633273358833,0.03389830508474576,0.7638025006134326,средняя,0.02535421327367636
239.0,demonstrative_sentence_chain_max,1.0,0.7777777777777778,1.0,0.6804753169884747,средняя,2.0
240.0,demonstrative_predicate_mode_share,0.3333333333333333,0.33320266153599487,0.5,0.8960594813023448,высокая,0.037037037037037035
241.0,sentence_initial_pronoun_3p_count,0.0,0.9555555555555556,1.0,0.7033646296718726,высокая,43.0
242.0,sentence_initial_pronoun_3p_share,0.0,0.007268933607197002,0.011904761904761904,0.6715857540496144,высокая,0.00801640566741238
243.0,pronoun_3p_sentence_chain_max,0.0,0.4666666666666667,1.0,0.7056088682384273,средняя,2.0
244.0,exact_word_dopolnitelno_count,0.0,0.13333333333333333,0.0,0.0,средняя,6.0
245.0,exact_word_odnovremenno_count,0.0,0.6444444444444445,1.0,0.714962689442649,высокая,29.0
246.0,exact_word_klyuchevoy_count,0.0,0.1111111111111111,0.0,0.0,средняя,5.0
247.0,exact_word_ramka_count,0.0,0.022222222222222223,0.0,0.0,средняя,1.0
248.0,exact_word_fiksirovat_count,0.0,0.0,0.0,0.0,низкая,0.0
249.0,exact_word_fokus_count,0.0,0.022222222222222223,0.0,0.0,средняя,1.0
250.0,exact_word_fundamentalny_count,0.0,0.022222222222222223,0.0,0.0,средняя,1.0
251.0,exact_word_analogichno_count,0.0,0.06666666666666667,0.0,0.0,средняя,3.0
252.0,exact_word_domen_count,0.0,0.0,0.0,0.0,низкая,0.0
253.0,exact_word_token_count,0.0,0.0,0.0,0.0,низкая,0.0
254.0,exact_word_effekt_count,0.0,0.28888888888888886,0.0,0.0,средняя,13.0
255.0,word_family_fundamentaln_count,0.0,0.1111111111111111,0.0,0.0,средняя,5.0
256.0,word_family_analogichn_count,0.0,0.24444444444444444,0.0,0.0,средняя,11.0
257.0,word_family_domen_count,0.0,0.022222222222222223,0.0,0.0,средняя,1.0
258.0,word_family_token_count,0.0,0.0,0.0,0.0,низкая,0.0
259.0,word_family_effekt_count,0.0,0.9111111111111111,1.0,0.5976131749956448,высокая,41.0
9999.0,pos_schema_compact_repeat_excess,0.007194244604316547,0.02508390825669258,0.02702702702702703,0.6491684751705384,высокая,0.036027627403397426
9999.0,pos_schema_compact_repeated_sentence_share,0.014388489208633094,0.03842564367848647,0.04864864864864865,0.6231191078567093,высокая,0.0496546574575322
9999.0,pos_schema_compact_top10_coverage,0.11235955056179775,0.13870458891000595,0.10753246753246753,0.8021672304577985,средняя,0.020907224192645138
9999.0,pos_schema_repeat_excess,0.007194244604316547,0.02508390825669258,0.02702702702702703,0.6491684751705384,высокая,0.036027627403397426
9999.0,pos_schema_repeated_sentence_share,0.014388489208633094,0.03842564367848647,0.04864864864864865,0.6231191078567093,высокая,0.0496546574575322
9999.0,pos_schema_top10_coverage,0.11235955056179775,0.13870458891000595,0.10753246753246753,0.8021672304577985,средняя,0.020907224192645138
