metric_id,metric_name,n_docs,nonmissing_share,mean,median,std,cv,q1,q3,iqr,min,max,p10,p90,mean_median_gap,abs_mean_median_gap,entropy_norm,heterogeneity_level
1.0,dependency_tree_each_sentence,45,1.0,1.0,1.0,0.0,0.0,1.0,1.0,0.0,1.0,1.0,1.0,1.0,0.0,0.0,0.0,низкая
2.0,constituency_tree_each_sentence,45,1.0,0.0,0.0,0.0,,0.0,0.0,0.0,0.0,0.0,0.0,0.0,0.0,0.0,0.0,низкая
3.0,dep_tree_max_depth,45,1.0,16.77777777777778,16.0,6.091483632047793,0.3630685608505307,13.0,18.0,5.0,8.0,42.0,11.4,20.6,0.7777777777777786,0.7777777777777786,0.8506625624370119,средняя
4.0,dep_tree_mean_depth,45,1.0,3.003889664187673,3.0746005680496826,0.4720789936415681,0.15715590331751753,2.7680270472807473,3.359675308079085,0.5916482607983378,1.602744645921091,3.823387094419461,2.4100448933824086,3.522705549912581,-0.07071090386200973,0.07071090386200973,0.8637174931181817,средняя
5.0,const_tree_max_depth,45,1.0,2.0,2.0,0.0,0.0,2.0,2.0,0.0,2.0,2.0,2.0,2.0,0.0,0.0,0.0,низкая
6.0,mean_dependency_distance,45,1.0,3.243056093979198,2.9346578366445915,1.1546262700682515,0.3560303111043437,2.7610371408549406,3.14440734557596,0.38337020472101946,2.533234126984127,9.951041666666667,2.645426073803857,4.0398720455542625,0.30839825733460646,0.30839825733460646,0.7598271562755714,средняя
7.0,dependency_distance_p95,45,1.0,10.88111111111111,9.649999999999977,5.196551087969456,0.4775754088810896,9.0,11.0,2.0,7.0,40.0,8.0,14.600000000000001,1.231111111111133,1.231111111111133,0.8231613405691268,средняя
8.0,nonprojective_arc_ratio,45,1.0,0.010986281060140103,0.008391367087019262,0.010001537774784021,0.9103660938614724,0.006499855622420188,0.011896371999025364,0.0053965163766051755,0.001221001221001221,0.06803678926262359,0.00456962867292853,0.018978615247693502,0.0025949139731208416,0.0025949139731208416,0.847872996786312,средняя
9.0,mean_branching_factor,45,1.0,2.066802400275072,1.9017010749899899,0.5692497123030579,0.2754253199180029,1.8384327453616276,1.9852141356892978,0.14678139032767024,1.6026745950905614,4.826044126752569,1.7306868549640648,2.619237787406544,0.16510132528508192,0.16510132528508192,0.7778701173939877,средняя
10.0,nested_subordinate_clause_ratio,45,1.0,0.11806206290780234,0.1206896551724138,0.03804224195869839,0.32222240592565743,0.0963855421686747,0.13953488372093023,0.04314934155225553,0.03125,0.19491525423728814,0.0718831507563902,0.16863569103284998,-0.002627592264611456,0.002627592264611456,0.9429209595960047,средняя
11.0,predicate_centers_per_sentence,45,1.0,1.6067024013334184,1.595505617977528,0.2952275363830128,0.18374749184292033,1.463302752293578,1.8333333333333333,0.3700305810397553,0.7076923076923077,2.2527472527472527,1.3127477477477478,1.979124579124579,0.01119678335589036,0.01119678335589036,0.851641235331737,средняя
12.0,tree_template_repeat_ratio,45,1.0,0.021491308888223478,0.008264462809917356,0.03246733114531757,1.5107191150702128,0.0,0.023529411764705882,0.023529411764705882,0.0,0.11864406779661017,0.0,0.07232142857142858,0.013226846078306122,0.013226846078306122,0.67788399896097,высокая
13.0,first_token_pos_mode_share,45,1.0,0.28398931116895987,0.2833333333333333,0.06166803335876532,0.21714913531402535,0.23308270676691728,0.32954545454545453,0.09646274777853725,0.18686868686868688,0.46,0.2120300751879699,0.3494285714285714,0.0006559778356265422,0.0006559778356265422,0.8985507546618148,средняя
14.0,last_token_pos_mode_share,45,1.0,0.6882461842198649,0.6900584795321637,0.12651831463983818,0.18382712108058857,0.611764705882353,0.7964601769911505,0.18469547110879747,0.3384615384615385,0.8780487804878049,0.5183448275862069,0.8315315315315316,-0.0018122953122987617,0.0018122953122987617,0.8997104009351448,средняя
15.0,first3_pos_pattern_mode_share,45,1.0,0.08117879687004306,0.07865168539325842,0.03711669430257027,0.45722153731828996,0.056179775280898875,0.09375,0.037570224719101125,0.030303030303030304,0.2619047619047619,0.04278367084538734,0.11262626262626263,0.002527111476784638,0.002527111476784638,0.833609907432788,средняя
16.0,last3_pos_pattern_mode_share,45,1.0,0.13026895778798497,0.125,0.05447576199537337,0.41817914966383346,0.0972972972972973,0.15384615384615385,0.05654885654885655,0.05263157894736842,0.3333333333333333,0.06851961364084368,0.182991452991453,0.005268957787984974,0.005268957787984974,0.823753465690782,средняя
17.0,relpos_first_finite_verb_mean,45,1.0,0.30751804896431717,0.30961060168082255,0.03889058962143411,0.12646603915579205,0.2817682998222778,0.32229543262668336,0.04052713280440556,0.22729399942547734,0.4288430757432941,0.2723594879344446,0.3477258809178445,-0.0020925527165053803,0.0020925527165053803,0.8003364246078172,средняя
18.0,relpos_first_noun_mean,45,1.0,0.12366226796861068,0.11857308649752825,0.04795283871963324,0.38777259634123123,0.09374585437784808,0.1450369262648417,0.05129107188699361,0.05139613001310077,0.2914836039852722,0.07678494091530849,0.16385399840094142,0.005089181471082435,0.005089181471082435,0.8087348264224954,средняя
19.0,relpos_first_pronoun_mean,45,1.0,0.40067350333894236,0.4033513975164468,0.06909731638430859,0.1724529219139729,0.3414089415730639,0.4426594243144938,0.10125048274142989,0.24447446962974914,0.574223602484472,0.3260429362049581,0.4824248020891368,-0.002677894177504414,0.002677894177504414,0.9068687904601851,средняя
20.0,relpos_noun_mean,45,1.0,0.5175445558017517,0.5198499696194429,0.022219244769828457,0.04293204231548261,0.5103526319079114,0.5282112147532821,0.017858582845370785,0.42864958303554784,0.5592468991855968,0.49878264629292607,0.5396332433530118,-0.0023054138176911154,0.0023054138176911154,0.8683717079325005,средняя
21.0,relpos_verb_aux_mean,45,1.0,0.4645882601275298,0.466655691496515,0.02949396594472975,0.0634840965129718,0.4513532282120315,0.48207981322166177,0.03072658500963027,0.3769868015737581,0.5435498508879443,0.4315113278787853,0.49553326439775824,-0.002067431368985184,0.002067431368985184,0.8505104182057308,средняя
22.0,relpos_adj_adv_mean,45,1.0,0.4929869301127891,0.49188765296693077,0.02043460471958908,0.041450601367695294,0.48189638339943663,0.5049681302485759,0.023071746849139263,0.41915261023607486,0.5451157866752591,0.47682955342820604,0.5182657619060776,0.001099277145858335,0.001099277145858335,0.8249015811567252,средняя
23.0,relpos_pron_det_adp_mean,45,1.0,0.45697637719345774,0.46054098033835206,0.02577386468094416,0.05640086876970661,0.44654912144347464,0.4765777410740784,0.03002861963060377,0.36733614574770296,0.5018049451538756,0.4269434775484727,0.483629379795335,-0.0035646031448943183,0.0035646031448943183,0.8006060330679591,средняя
24.0,pos_decile_entropy_mean,45,1.0,0.922634997187424,0.925175973300239,0.03375476329355846,0.036585175498931914,0.9075574281267084,0.944763860305183,0.037206432178474635,0.8043128031433419,0.9697383846206491,0.8827625266257116,0.9619388069907795,-0.0025409761128150077,0.0025409761128150077,0.8593094028293025,средняя
26.0,sentence_start_repeat_index,45,1.0,0.10047423819663638,0.10071942446043165,0.05111413815310843,0.5087287952666418,0.057971014492753624,0.13636363636363635,0.07839262187088272,0.01098901098901099,0.2222222222222222,0.03687363834422658,0.16975569528914547,-0.00024518626379527175,0.00024518626379527175,0.9278636738518022,средняя
27.0,rhetorical_schema_DEC_share,45,1.0,0.00036089185688398175,0.0,0.0013901628520109734,3.852020558219129,0.0,0.0,0.0,0.0,0.006666666666666667,0.0,0.0,0.00036089185688398175,0.00036089185688398175,0.0,средняя
28.0,syntactic_skeleton_ngram_repeat_index,45,1.0,0.8077078604126087,0.8196063348848598,0.058194086734489954,0.0720484343247101,0.7621233043619527,0.857118635520227,0.0949953311582743,0.6523590140229344,0.9202975442352417,0.7356199631555268,0.8717573526627389,-0.01189847447225112,0.01189847447225112,0.9008412824578009,средняя
30.0,sentence_length_cv,45,1.0,0.6246843629664347,0.5932016739019065,0.13647053488329078,0.21846318392737415,0.5154666589660399,0.7260648149857788,0.21059815601973886,0.4019487429550848,0.9090726506471722,0.4773767122766867,0.8393826569513002,0.031482689064528224,0.031482689064528224,0.947502774102161,средняя
31.0,serial_enumeration_index,45,1.0,0.2087553361157632,0.21348314606741572,0.07187743682124606,0.3443142492002559,0.1557377049180328,0.25225225225225223,0.09651454733421944,0.0625,0.36507936507936506,0.11112947658402204,0.3004048582995952,-0.004727809951652534,0.004727809951652534,0.9507046239798376,средняя
39.0,overgeneralization_index,45,1.0,0.4811051057112289,0.3,0.42500898550676725,0.8834015279851719,0.23076923076923078,0.6,0.3692307692307692,0.125,2.0,0.17058823529411765,0.8476190476190476,0.1811051057112289,0.1811051057112289,0.7241664317325011,средняя
41.0,abstract_nominalization_density_per_100w,45,1.0,4.051524215871164,3.5563874590547497,1.8488951907638709,0.4563455855752102,2.8413028413028414,5.084745762711865,2.2434429214090237,0.7929883138564273,9.654561558901682,2.251867885159922,6.498699086610066,0.49513675681641445,0.49513675681641445,0.8581815534461271,средняя
42.0,significance_intensifier_density_per_100w,45,1.0,0.01666265881749407,0.0,0.03657381653310182,2.1949568153374837,0.0,0.021074815595363543,0.021074815595363543,0.0,0.17647058823529413,0.0,0.05047240531205292,0.01666265881749407,0.01666265881749407,0.5122859880865147,высокая
43.0,function_content_ratio,45,1.0,0.32194919408823097,0.3222713864306785,0.07523518466048824,0.23368651340642851,0.28007889546351084,0.3676588897827836,0.08757999431927277,0.1371647509578544,0.5280612244897959,0.22687815202905748,0.4053733723093277,-0.0003221923424475137,0.0003221923424475137,0.8487532851750623,средняя
44.0,mtld,45,1.0,129.2534746290231,126.66377501030077,43.62999882876763,0.3375537791459169,102.7871467463464,141.06013672887866,38.272989982532266,53.53067117084568,284.09289437507164,84.07011583712952,183.01975611839165,2.589699618722321,2.589699618722321,0.8515877377824427,средняя
45.0,hdd,45,1.0,0.9026135660938059,0.9052246564373981,0.018251595215827823,0.02022082971211513,0.8950750865745835,0.9116489398201195,0.016573853245536063,0.8255511772212839,0.9352782046682683,0.8835898184391682,0.9217919643253957,-0.002611090343592193,0.002611090343592193,0.8674113310586855,средняя
46.0,hapax_ratio,45,1.0,0.6063057196173408,0.60984393757503,0.062106808815133564,0.10243480608154444,0.5770925110132159,0.6407914764079148,0.06369896539469888,0.4737991266375546,0.7494145199063232,0.5222718656397912,0.6738709512812914,-0.0035382179576891604,0.0035382179576891604,0.8994881558376338,средняя
47.0,morphological_variability_index,45,1.0,0.6599384272096476,0.658487993278522,0.027834483452874325,0.04217739459507475,0.6442180254219433,0.6754358901430979,0.03121786472115462,0.5996536719142869,0.750058866439187,0.6310231090723964,0.6900246811088746,0.0014504339311255388,0.0014504339311255388,0.8709964023200051,средняя
48.0,terminological_cyclicity_index,45,1.0,26.358282502264313,26.19052023714128,4.931902932009323,0.18711017804690602,24.03116945288725,29.783987547721015,5.7528180948337635,16.016576865641635,35.555990337926076,18.607038670287793,32.81771122525733,0.16776226512303438,0.16776226512303438,0.9074553423781684,средняя
49.0,punctuation_entropy,45,1.0,0.6874884313320002,0.6894815470495816,0.0693226784234567,0.10083468355844895,0.6396199822000952,0.7333323332516027,0.09371235105150755,0.572448808106554,0.8365105138304805,0.5898207684823417,0.7857287294478065,-0.0019931157175814285,0.0019931157175814285,0.9763293707253591,средняя
50.0,comma_position_profile_mean,45,1.0,0.4826694060848221,0.4862599032961107,0.024320607171512822,0.05038771230351988,0.4638134824081623,0.4973033986827233,0.033489916274560994,0.42719446359753926,0.5247939336070484,0.45457590578845836,0.5147400407183987,-0.003590497211288568,0.003590497211288568,0.9529943391963974,средняя
51.0,comma_position_profile_std,45,1.0,0.2514610392893234,0.2516213695692103,0.011014821852022615,0.04380329407351768,0.24490096297184372,0.2571404376371776,0.012239474665333872,0.22513763890144886,0.2737518697282633,0.23728361222476962,0.26501418211080785,-0.00016033027988687776,0.00016033027988687776,0.8634965885914633,средняя
53.0,constituency_tree_coverage,45,1.0,0.0,0.0,0.0,,0.0,0.0,0.0,0.0,0.0,0.0,0.0,0.0,0.0,0.0,низкая
54.0,dependency_tree_coverage,45,1.0,1.0,1.0,0.0,0.0,1.0,1.0,0.0,1.0,1.0,1.0,1.0,0.0,0.0,0.0,низкая
55.0,dependency_distance_p90,45,1.0,6.913333333333337,6.0,3.583517824708007,0.5183487692441666,6.0,7.0,1.0,5.0,28.0,5.0,8.640000000000056,0.9133333333333367,0.9133333333333367,0.7045725621813851,средняя
56.0,text_too_short_flag,45,1.0,0.0,0.0,0.0,,0.0,0.0,0.0,0.0,0.0,0.0,0.0,0.0,0.0,0.0,низкая
57.0,sentences_len_le10_share,45,1.0,0.18578136272361062,0.14285714285714285,0.12998642877876698,0.6996742131348745,0.09090909090909091,0.24864864864864866,0.15773955773955775,0.038461538461538464,0.5538461538461539,0.05874822190611665,0.3780303030303031,0.04292421986646777,0.04292421986646777,0.8342153131779247,средняя
58.0,sentences_len_11_20_share,45,1.0,0.3461516181132472,0.3333333333333333,0.07055413275045451,0.20382436209606847,0.3027027027027027,0.39325842696629215,0.09055572426358943,0.20634920634920634,0.51875,0.27582417582417584,0.4481420368292522,0.012818284779913869,0.012818284779913869,0.9117257645231577,средняя
59.0,sentences_len_21_30_share,45,1.0,0.24376343009046644,0.23728813559322035,0.06808636263630805,0.27931327767680153,0.21052631578947367,0.27631578947368424,0.06578947368421056,0.07692307692307693,0.4144144144144144,0.15892255892255894,0.32825914149443564,0.006475294497246098,0.006475294497246098,0.8910513867464802,средняя
60.0,sentences_len_31_40_share,45,1.0,0.1263880724935137,0.12025316455696203,0.05099783194371184,0.40350193604170265,0.09722222222222222,0.16666666666666666,0.06944444444444443,0.020202020202020204,0.25,0.059326128417037514,0.19038155802861684,0.0061349079365516646,0.0061349079365516646,0.9015872985146831,средняя
61.0,sentences_len_gt40_share,45,1.0,0.09791551657916209,0.09523809523809523,0.060670227100737065,0.6196181077356294,0.050359712230215826,0.1323529411764706,0.08199322894625477,0.0,0.2807017543859649,0.024203069657615112,0.16779026217228463,0.0026774213410668546,0.0026774213410668546,0.9353388257803973,средняя
62.0,comma_count_0_share,45,1.0,0.2371590190487866,0.21348314606741572,0.10224944956386774,0.4311429941563122,0.1695906432748538,0.29690346083788705,0.12731281756303325,0.09259259259259259,0.5238095238095238,0.1218018018018018,0.38732700979629925,0.023675872981370888,0.023675872981370888,0.8776366853719746,средняя
63.0,comma_count_1_share,45,1.0,0.2216586426265754,0.21311475409836064,0.059002213418178365,0.2661850344251111,0.18181818181818182,0.25280898876404495,0.07099080694586313,0.12,0.35353535353535354,0.1448198198198198,0.31120293847566577,0.00854388852821475,0.00854388852821475,0.9721627118476588,средняя
64.0,comma_count_2_share,45,1.0,0.17157828593887606,0.17582417582417584,0.045382239527046044,0.26449873466630414,0.1504424778761062,0.19548872180451127,0.04504624392840506,0.03508771929824561,0.25842696629213485,0.11978779840848808,0.2184864864864865,-0.004245889885299781,0.004245889885299781,0.881767955829203,средняя
65.0,comma_count_3_share,45,1.0,0.13775986892884096,0.1348314606741573,0.04633086077698803,0.33631609217717795,0.10588235294117647,0.15789473684210525,0.052012383900928785,0.05142857142857143,0.23863636363636365,0.07847707847707848,0.2053376906318083,0.0029284082546836565,0.0029284082546836565,0.9261367609273428,средняя
66.0,comma_count_ge4_share,45,1.0,0.231844183456921,0.23076923076923078,0.08627848716074106,0.37213996863877535,0.18579234972677597,0.29714285714285715,0.11135050741608118,0.046153846153846156,0.42105263157894735,0.11474820143884892,0.33460013218770657,0.0010749526876902282,0.0010749526876902282,0.9396645969449642,средняя
67.0,subordinate_marker_chto_share,45,1.0,0.16028159326861355,0.14285714285714285,0.08601612602639819,0.5366562951632571,0.09523809523809523,0.2236842105263158,0.12844611528822056,0.015384615384615385,0.38596491228070173,0.06568144499178982,0.2721586575133486,0.0174244504114707,0.0174244504114707,0.9129618927079923,средняя
68.0,subordinate_marker_kotory_share,45,1.0,0.1545903485638766,0.15675675675675677,0.07859603732954541,0.508414904679962,0.08571428571428572,0.2066115702479339,0.12089728453364817,0.0,0.35294117647058826,0.06932017543859649,0.23370786516853934,-0.002166408192880165,0.002166408192880165,0.8572424935006465,средняя
69.0,subordinate_marker_kogda_share,45,1.0,0.01369757191567708,0.007194244604316547,0.017541116161677438,1.2806004063830732,0.0,0.02247191011235955,0.02247191011235955,0.0,0.06060606060606061,0.0,0.042696629213483155,0.0065033273113605326,0.0065033273113605326,0.7212989375744387,высокая
70.0,subordinate_marker_potomu_share,45,1.0,0.03166357073247424,0.02631578947368421,0.02776731039866391,0.8769481696574949,0.010810810810810811,0.04430379746835443,0.03349298665754362,0.0,0.13559322033898305,0.0,0.06613431613431614,0.005347781258790034,0.005347781258790034,0.8749333274888536,средняя
71.0,stem_density_cognitive_per_1k,45,1.0,1.7933447296535479,0.0,4.455672271405348,2.484559827081394,0.0,2.4354603019970775,2.4354603019970775,0.0,28.881700554528653,0.0,4.352179845038865,1.7933447296535479,1.7933447296535479,0.6055010530621602,высокая
72.0,stem_density_model_per_1k,45,1.0,0.9071543450496672,0.39319768013368717,1.4575553127651917,1.6067335406803236,0.0,1.2195121951219512,1.2195121951219512,0.0,6.613756613756613,0.0,2.81715824610328,0.51395666491598,0.51395666491598,0.5762515347627761,высокая
73.0,stem_density_concept_per_1k,45,1.0,0.1136475523137062,0.0,0.4195132253263803,3.6913529309314117,0.0,0.0,0.0,0.0,2.6455026455026456,0.0,0.3165840933368443,0.1136475523137062,0.1136475523137062,0.0,средняя
74.0,stem_density_projection_per_1k,45,1.0,0.16334002562423508,0.0,0.7506755854980753,4.59578466838869,0.0,0.0,0.0,0.0,4.99412455934195,0.0,0.20833333333333381,0.16334002562423508,0.16334002562423508,0.0,средняя
75.0,stem_density_key_per_1k,45,1.0,0.23505461895058757,0.0,0.3998783771144107,1.7012147172418333,0.0,0.4214963119072708,0.4214963119072708,0.0,1.43348623853211,0.0,0.8474680678250907,0.23505461895058757,0.23505461895058757,0.6139598435252088,высокая
76.0,stem_density_system_per_1k,45,1.0,0.07925684528778952,0.0,0.26589153565741724,3.354808467230036,0.0,0.0,0.0,0.0,1.639344262295082,0.0,0.3344053660089432,0.07925684528778952,0.07925684528778952,0.0,средняя
78.0,pattern_start_dannyi,45,1.0,0.007286050691605816,0.0,0.014147653722110656,1.9417451677093083,0.0,0.008264462809917356,0.008264462809917356,0.0,0.07058823529411765,0.0,0.025273338940285956,0.007286050691605816,0.007286050691605816,0.6121651851977701,высокая
79.0,pattern_start_vramkah,45,1.0,0.0033894293227825518,0.0,0.00857355457757407,2.52949796590997,0.0,0.0,0.0,0.0,0.04878048780487805,0.0,0.011688311688311689,0.0033894293227825518,0.0033894293227825518,0.0,средняя
80.0,pattern_example_intro,45,1.0,0.03906130062738395,0.03676470588235294,0.0277242510937878,0.7097626205091515,0.016216216216216217,0.056179775280898875,0.03996355906468266,0.0,0.1111111111111111,0.005796703296703298,0.07071629213483147,0.002296594745031008,0.002296594745031008,0.8738053671293781,средняя
81.0,pattern_enum_colon,45,1.0,0.07681389081157498,0.07142857142857142,0.04948927679174301,0.6442750948931952,0.04,0.10018214936247723,0.060182149362477226,0.0,0.1864406779661017,0.02600068422853233,0.16511915051240897,0.005385319383003559,0.005385319383003559,0.9355788142697173,средняя
82.0,pattern_definition,45,1.0,0.011897556260726264,0.009009009009009009,0.01563135789378545,1.3138292899176645,0.0,0.017543859649122806,0.017543859649122806,0.0,0.07964601769911504,0.0,0.027736131934032987,0.0028885472517172547,0.0028885472517172547,0.7005136402123153,высокая
83.0,pattern_result_verb,45,1.0,0.004316508215855664,0.0,0.008120292561246231,1.8812179092856285,0.0,0.005494505494505495,0.005494505494505495,0.0,0.04,0.0,0.014379084967320262,0.004316508215855664,0.004316508215855664,0.5725084533803839,высокая
84.0,pattern_nominal_abstract,45,1.0,0.23516244493062446,0.21804511278195488,0.13625222512631885,0.579396192136524,0.13095238095238096,0.3333333333333333,0.20238095238095236,0.005050505050505051,0.5609756097560976,0.10574324324324325,0.43745318352059925,0.01711733214866959,0.01711733214866959,0.9545742446020145,средняя
87.0,syntactic_template_coverage_top3,45,1.0,0.05413321004569618,0.03642987249544627,0.039385729525177084,0.727570552197623,0.03305785123966942,0.058823529411764705,0.025765678172095283,0.016853932584269662,0.17307692307692307,0.019922913343965974,0.127509778357236,0.017703337550249908,0.017703337550249908,0.7805700506760045,средняя
88.0,dependency_distance_median,45,1.0,2.022222222222222,2.0,0.14740554623801777,0.07289285253528352,2.0,2.0,0.0,2.0,3.0,2.0,2.0,0.022222222222222143,0.022222222222222143,0.0,низкая
89.0,dependency_distance_iqr,45,1.0,2.2888888888888888,2.0,1.0877545111573703,0.4752325534182686,2.0,2.0,0.0,2.0,9.0,2.0,3.0,0.28888888888888875,0.28888888888888875,0.0,низкая
92.0,morphology_case_entropy,45,1.0,0.8707497286082576,0.8726250196111613,0.035373147915081546,0.04062378287687713,0.8595808886272052,0.8950244909893406,0.035443602362135396,0.749699552742346,0.9430261366273329,0.8351018879901444,0.9068900918226083,-0.001875291002903734,0.001875291002903734,0.862756844368427,средняя
93.0,morphology_tense_entropy,45,1.0,0.6173668749716911,0.6026099280868785,0.11664745565530353,0.18894349597336643,0.5592986960577768,0.6820107956116019,0.12271209955382512,0.24512177667708063,0.8812908992306927,0.49341689512187187,0.7862046550411216,0.01475694688481255,0.01475694688481255,0.8748110373077167,средняя
94.0,morphology_mood_entropy,45,1.0,0.10714935535713423,0.09597040299587187,0.08755473453006114,0.8171279634696521,0.05446659748121343,0.15649106290570153,0.10202446542448809,0.0,0.3912435636292556,0.0,0.21281472395145618,0.01117895236126236,0.01117895236126236,0.8259632097978348,средняя
95.0,morphology_person_entropy,45,1.0,0.3430525207171343,0.33751885165878304,0.1758896409853888,0.5127192787206467,0.24834731535748886,0.4227256648865988,0.17437834952910994,0.0,0.9731560354421095,0.1338092888541379,0.5801294242632067,0.005533669058351287,0.005533669058351287,0.8652657067953706,средняя
96.0,domain_transfer_warning_score,45,1.0,0.12163028199859215,0.10922921180299565,0.03987070121450623,0.32780242353600497,0.09602711789211332,0.1347419835854336,0.03871486569332028,0.08136487396682418,0.3130684378666485,0.08685647310565456,0.16382832525576535,0.012401070195596497,0.012401070195596497,0.8601868697674707,средняя
97.0,template_regularity_index,45,1.0,0.18687681214906707,0.18795986849424706,0.017822724715483552,0.09537151512016805,0.1736686839510522,0.20095069415944375,0.02728201020839155,0.14585641818920228,0.22354186331036519,0.16283609088503664,0.20754835997768653,-0.0010830563451799946,0.0010830563451799946,0.931586549635914,средняя
100.0,report_confidence_score,45,1.0,0.7999999999999997,0.8,3.3306690738754696e-16,4.1633363423443385e-16,0.8,0.8,0.0,0.8,0.8,0.8,0.8,-3.3306690738754696e-16,3.3306690738754696e-16,0.0,низкая
101.0,punctuation_marks_per_100w,45,1.0,666.4666666666667,603.0,439.34140609679747,0.6592098721068282,446.0,781.0,335.0,140.0,2938.0,250.8,980.6,63.4666666666667,63.4666666666667,0.860584710900931,средняя
102.0,comma_per_100w,45,1.0,277.06666666666666,233.0,183.1708856050364,0.6611076236947897,175.0,338.0,163.0,49.0,1135.0,104.60000000000001,464.6,44.06666666666666,44.06666666666666,0.8330390382569912,средняя
103.0,semicolon_per_100w,45,1.0,11.88888888888889,7.0,15.606582973180435,1.312703240734803,3.0,14.0,11.0,0.0,93.0,1.0,21.0,4.888888888888889,4.888888888888889,0.7922285172176567,высокая
104.0,colon_per_100w,45,1.0,20.933333333333334,16.0,19.44039322876183,0.9286812051956289,11.0,24.0,13.0,3.0,122.0,6.4,34.800000000000004,4.933333333333334,4.933333333333334,0.8692813065569083,высокая
105.0,dash_per_100w,45,1.0,46.51111111111111,36.0,31.551455132650453,0.6783638227277928,22.0,59.0,37.0,4.0,156.0,14.8,86.6,10.511111111111113,10.511111111111113,0.8610388863542093,средняя
106.0,parenthesis_per_100w,45,1.0,89.31111111111112,68.0,95.49934780980846,1.0692885422844938,36.0,100.0,64.0,6.0,517.0,20.8,142.8,21.311111111111117,21.311111111111117,0.8096377438003565,высокая
107.0,quotes_per_100w,45,1.0,80.97777777777777,54.0,80.84429173524153,0.9983515719225765,30.0,96.0,66.0,5.0,393.0,16.0,157.60000000000002,26.977777777777774,26.977777777777774,0.8315736300193355,высокая
108.0,ellipsis_per_100w,45,1.0,2.7777777777777777,1.0,3.920821279550094,1.4114956606380338,0.0,4.0,4.0,0.0,14.0,0.0,10.0,1.7777777777777777,1.7777777777777777,0.7240345888528966,высокая
109.0,exclamation_per_100w,45,1.0,2.7111111111111112,0.0,11.222244224400875,4.139352377852782,0.0,1.0,1.0,0.0,75.0,0.0,4.0,2.7111111111111112,2.7111111111111112,0.5301465372636736,высокая
110.0,question_per_100w,45,1.0,1.8,0.0,3.624607258418183,2.0136706991212128,0.0,2.0,2.0,0.0,19.0,0.0,4.600000000000001,1.8,1.8,0.5411188361527736,высокая
111.0,punctuation_to_sentence_ratio,45,1.0,5.731840295778779,5.438202247191011,1.5207047902981066,0.26530829747961254,4.841772151898734,6.511904761904762,1.6701326100060276,3.230769230769231,11.473684210526315,4.127017543859649,7.237037037037037,0.2936380485877681,0.2936380485877681,0.8593094028293025,средняя
112.0,comma_to_punct_ratio,45,1.0,0.4157497045276258,0.3969270166453265,0.07880494477449396,0.1895490096957063,0.3516483516483517,0.47029702970297027,0.1186486780546186,0.28125,0.5789473684210527,0.3168701190385928,0.5274110398591726,0.018822687882299294,0.018822687882299294,0.956792284406827,средняя
113.0,sentence_terminal_question_share,45,1.0,0.007188242116698797,0.0,0.013123154538674627,1.8256416973196556,0.0,0.00819672131147541,0.00819672131147541,0.0,0.05263157894736842,0.0,0.022306675479180436,0.007188242116698797,0.007188242116698797,0.5949409703121703,высокая
114.0,sentence_terminal_exclamation_share,45,1.0,0.004980669221563571,0.0,0.014976792516240482,3.0069839714308206,0.0,0.0,0.0,0.0,0.07832422586520947,0.0,0.014839209608678815,0.004980669221563571,0.004980669221563571,0.0,средняя
115.0,sentence_terminal_ellipsis_share,45,1.0,0.00663045790766094,0.0,0.01073626542941312,1.6192343845525756,0.0,0.010101010101010102,0.010101010101010102,0.0,0.038461538461538464,0.0,0.02183546183546184,0.00663045790766094,0.00663045790766094,0.6196245552476317,высокая
116.0,function_word_density_per_100w,45,1.0,638.9777777777778,532.0,426.06475714843,0.6667911967614715,404.0,800.0,396.0,90.0,2650.0,218.8,1083.0,106.97777777777776,106.97777777777776,0.8545035734622476,средняя
117.0,function_word_type_token_ratio,45,1.0,0.13075842278700792,0.12053571428571429,0.06124867410160981,0.46841092754214103,0.08333333333333333,0.14804469273743018,0.06471135940409685,0.04339622641509434,0.3111111111111111,0.0718207410585018,0.21941252951946294,0.010222708501293629,0.010222708501293629,0.879480596446427,средняя
118.0,preposition_density_per_100w,45,1.0,267.46666666666664,228.0,162.37591501752277,0.607088416067508,178.0,325.0,147.0,49.0,1024.0,90.20000000000002,447.8,39.46666666666664,39.46666666666664,0.8920614730083816,средняя
119.0,unique_prepositions_ratio,45,1.0,0.09838833890269441,0.08450704225352113,0.04931947697802007,0.5012736014051096,0.0673076923076923,0.1152073732718894,0.0478996809641971,0.03125,0.2653061224489796,0.05631800631800632,0.1606818181818182,0.013881296649173286,0.013881296649173286,0.8817679558292029,средняя
120.0,top_preposition_share,45,1.0,0.39997029886274743,0.40454545454545454,0.06216339623769651,0.15542003097342064,0.372972972972973,0.44052863436123346,0.06755566138826047,0.1875,0.5396825396825397,0.32114848236259225,0.48132505175983437,-0.0045751556827071105,0.0045751556827071105,0.8334491436968053,средняя
121.0,conjunction_density_per_100w,45,1.0,154.62222222222223,124.0,109.78327921437639,0.7100097103545469,91.0,212.0,121.0,15.0,691.0,59.2,262.00000000000006,30.622222222222234,30.622222222222234,0.8422842547421348,средняя
122.0,subordinating_conj_density_per_100w,45,1.0,49.37777777777778,37.0,39.489682978322264,0.7997460549165175,24.0,63.0,39.0,1.0,220.0,13.0,93.0,12.37777777777778,12.37777777777778,0.827838908092034,средняя
123.0,coordinating_conj_density_per_100w,45,1.0,105.24444444444444,86.0,73.85967342213674,0.7017916604721608,63.0,139.0,76.0,14.0,471.0,42.6,174.60000000000002,19.24444444444444,19.24444444444444,0.8004940896676406,средняя
124.0,particles_density_per_100w,45,1.0,50.977777777777774,42.0,38.20092429881705,0.749364251720474,21.0,68.0,47.0,4.0,187.0,11.4,104.60000000000002,8.977777777777774,8.977777777777774,0.7968684145930263,средняя
125.0,pronoun_density_per_100w,45,1.0,85.46666666666667,67.0,75.81925876714965,0.8871208124081472,45.0,101.0,56.0,4.0,455.0,27.4,148.60000000000002,18.46666666666667,18.46666666666667,0.8054488378188475,средняя
126.0,determiner_density_per_100w,45,1.0,69.84444444444445,53.0,50.39971585261857,0.7215994951854392,36.0,86.0,50.0,4.0,253.0,24.0,141.2,16.84444444444445,16.84444444444445,0.7673463299827774,средняя
127.0,function_word_entropy,45,1.0,0.8049353260477602,0.8038611236873011,0.030055498697181198,0.037339023055124154,0.7857704893294264,0.8261303329154259,0.04035984358599953,0.7401633043036668,0.8667411136102771,0.7629319903884327,0.8457319170295684,0.0010742023604590756,0.0010742023604590756,0.9592203249226497,средняя
128.0,stopword_density_per_100w,45,1.0,629.7333333333333,558.0,419.9956296068911,0.6669420330407968,385.0,787.0,402.0,91.0,2625.0,211.20000000000002,1057.2,71.73333333333335,71.73333333333335,0.8596885413629497,средняя
129.0,preposition_to_noun_ratio,45,1.0,0.2715185994999468,0.25837988826815644,0.05641474152626834,0.207774869309752,0.228125,0.3101361573373676,0.08201115733736761,0.1801470588235294,0.38837516512549536,0.19997028143481232,0.3639798663821001,0.013138711231790334,0.013138711231790334,0.9421878670030941,средняя
130.0,verbs_total_density_per_100w,45,1.0,315.7111111111111,271.0,213.14706683125019,0.675133244696717,201.0,374.0,173.0,60.0,1308.0,121.2,574.0,44.71111111111111,44.71111111111111,0.8695181366826257,средняя
131.0,finite_verb_share,45,1.0,0.5552913365434219,0.5548387096774193,0.07372104135314354,0.13276101480718638,0.5128939828080229,0.6031007751937985,0.09020679238577556,0.3706896551724138,0.7203579418344519,0.46322042467138524,0.6523076923076924,0.00045262686600255897,0.00045262686600255897,0.8846658573427518,средняя
132.0,infinitive_verb_share,45,1.0,0.1455035033097951,0.136986301369863,0.07018791476860067,0.4823795521896256,0.0996309963099631,0.1810344827586207,0.0814034864486576,0.04059040590405904,0.43014705882352944,0.07333333333333333,0.22340481930752434,0.008517201939932106,0.008517201939932106,0.8596885413629497,средняя
133.0,participle_verb_share,45,1.0,0.26857630932723703,0.26199261992619927,0.07812252928130446,0.29087647185634274,0.2120689655172414,0.3305439330543933,0.11847496753715189,0.04918032786885246,0.425,0.17929613058248406,0.36020430341230164,0.006583689401037762,0.006583689401037762,0.8596921196024446,средняя
134.0,converb_verb_share,45,1.0,0.03062885081954582,0.02564102564102564,0.02176446587462184,0.7105870867585027,0.01639344262295082,0.041666666666666664,0.025273224043715844,0.0,0.09836065573770492,0.00685077519379845,0.06008699254349628,0.004987825178520179,0.004987825178520179,0.8372859137297664,средняя
135.0,imperative_verb_share,45,1.0,0.012529087129325567,0.00558659217877095,0.018484203277959115,1.475303275263767,0.0,0.01791044776119403,0.01791044776119403,0.0,0.07692307692307693,0.0,0.03295780228488411,0.006942494950554617,0.006942494950554617,0.7235614884808448,высокая
136.0,past_tense_share,45,1.0,0.28032289816780803,0.25416666666666665,0.120855173256721,0.43112843812129176,0.2222222222222222,0.30708661417322836,0.08486439195100615,0.04081632653061224,0.7,0.16587326852886958,0.41009647020846013,0.02615623150114138,0.02615623150114138,0.8289768962664692,средняя
137.0,present_tense_share,45,1.0,0.7024904386379126,0.7322175732217573,0.12378757016732608,0.17621246263129625,0.6621359223300971,0.7641509433962265,0.10201502106612936,0.3,0.9387755102040817,0.5666687359547075,0.8223656837413843,-0.029727134583844683,0.029727134583844683,0.8252822351496477,средняя
138.0,future_tense_share,45,1.0,0.017186663194279393,0.015184381778741865,0.017479019171441113,1.0170106305020878,0.003968253968253968,0.021367521367521368,0.0173992673992674,0.0,0.09090909090909091,0.0,0.03746058440193399,0.002002281415537528,0.002002281415537528,0.8164508382301945,высокая
139.0,perfective_aspect_share,45,1.0,0.2624254241514512,0.2671232876712329,0.06805317374625897,0.2593238592118424,0.21495327102803738,0.28837209302325584,0.07341882199521846,0.15384615384615385,0.4791666666666667,0.18677675988428158,0.3461690632532624,-0.0046978635197816865,0.0046978635197816865,0.8837389097438674,средняя
140.0,imperfective_aspect_share,45,1.0,0.7375745758485487,0.7328767123287672,0.06805317374625897,0.09226615989029535,0.7116279069767442,0.7850467289719626,0.07341882199521843,0.5208333333333334,0.8461538461538461,0.6538309367467375,0.8132232401157184,0.00469786351978152,0.00469786351978152,0.8837389097438676,средняя
141.0,auxiliary_share_in_verbs,45,1.0,0.032391986822274295,0.029535864978902954,0.017809281821720695,0.5498051700081013,0.019417475728155338,0.04411764705882353,0.024700171330668194,0.0,0.0821917808219178,0.012402669632925472,0.05109008638420403,0.002856121843371341,0.002856121843371341,0.9325392923076974,средняя
142.0,noun_case_nominative_share,45,1.0,0.2575589816554929,0.25418060200668896,0.05721576093229978,0.22214624613181125,0.21587088096839274,0.2876923076923077,0.07182142672391495,0.17633410672853828,0.49709302325581395,0.18905278237395529,0.32016700924974306,0.003378379648803942,0.003378379648803942,0.90591117526854,средняя
143.0,noun_case_genitive_share,45,1.0,0.3817930771563534,0.3857442348008386,0.05645337652435483,0.1478638034634552,0.3460490463215259,0.4174694926140013,0.0714204462924754,0.25872093023255816,0.5147058823529411,0.3122873912857204,0.44780719025742,-0.00395115764448517,0.00395115764448517,0.9221090363437177,средняя
144.0,noun_case_dative_share,45,1.0,0.0389141590994092,0.03776683087027915,0.012309784447304581,0.316331760269014,0.02830188679245283,0.046898638426626324,0.018596751634173493,0.005813953488372093,0.062402496099843996,0.025990627020038785,0.05503368051321872,0.0011473282291300513,0.0011473282291300513,0.8589345180321234,средняя
145.0,noun_case_accusative_share,45,1.0,0.11906967927087196,0.11689145793192036,0.029278475611442895,0.24589362960185024,0.10215827338129496,0.1380020597322348,0.03584378635093985,0.058823529411764705,0.19597989949748743,0.07949160866136731,0.15548055287688847,0.002178221338951597,0.002178221338951597,0.8999491858200263,средняя
146.0,noun_case_instrumental_share,45,1.0,0.08102642988939973,0.07804232804232804,0.01633658479235995,0.2016204442755188,0.06960556844547564,0.09249817916970138,0.022892610724225743,0.040697674418604654,0.12367491166077739,0.06278445006321112,0.10202003918553608,0.0029841018470716935,0.0029841018470716935,0.8744662744576104,средняя
147.0,noun_case_locative_share,45,1.0,0.12163767292847273,0.12040133779264214,0.021968964242235555,0.18060986956856767,0.10920436817472699,0.1353637901861252,0.026159422011398217,0.07161125319693094,0.17076502732240437,0.09659324618381711,0.1537802197802198,0.001236335135830588,0.001236335135830588,0.9141858118727362,средняя
148.0,pos_inventory_size,45,1.0,14.355555555555556,14.0,0.8982836858403438,0.06257394096411063,14.0,15.0,1.0,13.0,16.0,13.0,15.600000000000001,0.35555555555555607,0.35555555555555607,0.9240236658403387,средняя
149.0,noun_density_per_100w,45,1.0,38.541357831284856,39.2214685933353,4.796405142502283,0.12444826576942593,35.339021104625054,42.69938650306748,7.3603653984424255,29.01076371091748,45.63492063492063,31.952908173267545,44.801787114185224,-0.6801107620504467,0.6801107620504467,0.9695375302655391,средняя
150.0,verb_density_per_100w,45,1.0,11.967507421854807,11.46847228099873,2.6207269477322974,0.21898686629985972,10.618519842688595,13.336210617177386,2.7176907744887906,5.997304582210242,19.169656586365967,9.467732710825796,14.821087504014335,0.49903514085607625,0.49903514085607625,0.8536659311753964,средняя
151.0,adjective_density_per_100w,45,1.0,16.419199300995597,16.11764705882353,3.412515348732063,0.20783689181025664,14.555389965226032,18.268497330282226,3.713107365056194,7.181571815718158,26.39344262295082,13.52893739147152,19.671710464875257,0.3015522421720682,0.3015522421720682,0.8292604146039748,средняя
152.0,adverb_density_per_100w,45,1.0,3.9825183992502198,3.8723818801753533,1.4249199085020772,0.3577936786859149,2.9702970297029703,4.833597464342314,1.8633004346393438,1.6122364613476645,8.147044212617983,2.2500177771457013,5.713698756257532,0.11013651907486643,0.11013651907486643,0.9512773064204949,средняя
153.0,verb_to_noun_ratio,45,1.0,0.3170265812423185,0.298465829846583,0.09384083631877757,0.29600305422670714,0.2583783783783784,0.3442294863242161,0.08585110794583772,0.17391304347826086,0.6607773851590106,0.23723878592532904,0.4027504105090312,0.018560751395735486,0.018560751395735486,0.8283792369454386,средняя
154.0,adjective_to_noun_ratio,45,1.0,0.42971199218447065,0.4008168028004667,0.0939287717100155,0.21858540934015383,0.3707250341997264,0.4834983498349835,0.11277331563525711,0.20784313725490197,0.6625441696113075,0.34912913351339514,0.5781425202456172,0.028895189384003928,0.028895189384003928,0.8709964023200051,средняя
155.0,adverb_to_verb_ratio,45,1.0,0.3409128765992531,0.3258426966292135,0.13088269551028442,0.38391831020257555,0.25387596899224807,0.37850467289719625,0.12462870390494818,0.15,0.7488584474885844,0.20827077236289604,0.5272273699215966,0.015070179970039621,0.015070179970039621,0.8683486036437121,средняя
156.0,pronoun_to_noun_ratio,45,1.0,0.08399217844656569,0.07708333333333334,0.04394134606575836,0.5231599760650696,0.059190031152647975,0.0903010033444816,0.031110972191833626,0.014705882352941176,0.24702774108322326,0.04591452571803274,0.12286657237152286,0.006908845113232351,0.006908845113232351,0.8393746293359187,средняя
157.0,adjective_noun_bigram_share,45,1.0,0.30973140091420803,0.2970027247956403,0.05757719374641573,0.18589395061808386,0.28267045454545453,0.3475298126064736,0.06485935806101906,0.1810344827586207,0.48120300751879697,0.25822578339320107,0.37909132905748755,0.012728676118567706,0.012728676118567706,0.7756017429489024,средняя
158.0,finite_verbs_per_sentence,45,1.0,1.4404782837037986,1.424778761061947,0.3176597594768107,0.22052381009176683,1.2698412698412698,1.654320987654321,0.38447971781305124,0.6153846153846154,2.1373626373626373,1.1267985611510791,1.8625468164794008,0.015699522641851704,0.015699522641851704,0.9041387176138537,средняя
159.0,nouns_per_sentence,45,1.0,8.62436400194629,8.523809523809524,2.0128108680087116,0.23338658567222736,7.25,10.19047619047619,2.94047619047619,3.823232323232323,12.716049382716049,6.471177944862156,10.813320912901723,0.10055447813676643,0.10055447813676643,0.9226958313968863,средняя
160.0,adjectives_per_sentence,45,1.0,3.715570396439779,3.8017241379310347,1.094190657638274,0.29448793614211055,3.261904761904762,4.3076923076923075,1.0457875457875456,0.8153846153846154,6.456140350877193,2.4805755395683455,4.927005948446795,-0.08615374149125588,0.08615374149125588,0.8590894306481225,средняя
161.0,formulaic_lemma_4_6_repeat_index,45,1.0,0.027795965751593783,0.009307135470527405,0.04583766490088667,1.649076175676983,0.006633499170812604,0.022196065242979655,0.01556256607216705,0.0004761904761904762,0.22393822393822393,0.0024617002808818064,0.07330096707063288,0.018488830281066376,0.018488830281066376,0.7138700282378021,высокая
162.0,formulaic_slot_4_6_repeat_index,45,1.0,0.15826583719155743,0.13099041533546327,0.08315869230304898,0.525436782686068,0.10942286484499449,0.18146937615461134,0.07204651130961685,0.051900584795321635,0.4736909160402599,0.07283820659773418,0.261710433470115,0.027275421856094162,0.027275421856094162,0.8211196018914287,средняя
163.0,formulaic_lemma_top10_coverage,45,1.0,0.005325557392765879,0.004371952244829325,0.003698812970725746,0.6945400636842508,0.0030082330588980365,0.005810882197569995,0.0028026491386719584,0.0012351270122277574,0.021873009131450415,0.002566902320885534,0.009915899250994491,0.0009536051479365534,0.0009536051479365534,0.8346162360732325,средняя
164.0,formulaic_slot_top10_coverage,45,1.0,0.031933842604633354,0.015892174612753975,0.04816570923945425,1.508296694381082,0.013333333333333334,0.02271526677231907,0.009381933438985737,0.006406736225517115,0.2658937444260415,0.010827333893216723,0.07200431510141109,0.01604166799187938,0.01604166799187938,0.7684217622214758,высокая
165.0,pos_transition_entropy,45,1.0,0.7719997982677258,0.767397495504336,0.036547162303400944,0.04734089618340362,0.7530088621038724,0.7994096489571065,0.04640078685323412,0.6371362924929468,0.838290826118636,0.7428110358122372,0.8178439828128441,0.004602302763389798,0.004602302763389798,0.8293435027230114,средняя
166.0,deprel_transition_entropy,45,1.0,0.8474325721868509,0.8551906333904364,0.04350576022419123,0.05133831487255912,0.8379588966536511,0.870920204715952,0.03296130806230091,0.638082769160937,0.9032103392142311,0.8160825913997136,0.8845111514273696,-0.007758061203585576,0.007758061203585576,0.8340465478230409,средняя
167.0,joint_pos_deprel_transition_entropy,45,1.0,0.8568547301057996,0.8641602068554992,0.041143804400907,0.048017246045694115,0.8389828366569001,0.8855654274978195,0.046582590840919424,0.6733267921175876,0.9135526525493681,0.8202159312942345,0.900788197904415,-0.007305476749699613,0.007305476749699613,0.8481368515537481,средняя
168.0,passive_construction_share,45,1.0,0.4429624197024663,0.4444444444444444,0.1286355779095941,0.2903983999274643,0.37362637362637363,0.5340909090909091,0.16046453546453543,0.06153846153846154,0.7833333333333333,0.278554189435337,0.5696111665004985,-0.0014820247419781163,0.0014820247419781163,0.8563437600971101,средняя
169.0,impersonal_construction_share,45,1.0,0.11947744944753115,0.11666666666666667,0.06074331965958452,0.5084082388807615,0.08080808080808081,0.15730337078651685,0.07649528997843603,0.0,0.2696629213483146,0.03956074506533223,0.1935897435897436,0.002810782780864482,0.002810782780864482,0.9352155463307282,средняя
170.0,passive_impersonal_index,45,1.0,0.2812199345749988,0.2857142857142857,0.07342030467187478,0.26107788120651265,0.23853211009174313,0.33707865168539325,0.09854654159365012,0.08461538461538462,0.45,0.17912438199323447,0.34697417701557265,-0.004494351139286923,0.004494351139286923,0.8450468766968217,средняя
171.0,nested_parentheses_share,45,1.0,0.004152556973836792,0.0,0.012032044987165175,2.8975026864105993,0.0,0.0,0.0,0.0,0.06880733944954129,0.0,0.010781977074111907,0.004152556973836792,0.004152556973836792,0.0,средняя
172.0,parenthetical_insertion_share,45,1.0,0.2263657625707396,0.21153846153846154,0.12017809376484861,0.5309022548288097,0.12698412698412698,0.2920353982300885,0.16505127124596153,0.047619047619047616,0.5227272727272727,0.09193971803597473,0.3994086339444116,0.014827301032278056,0.014827301032278056,0.9336702641863365,средняя
173.0,dash_insertion_share,45,1.0,0.1912647843212168,0.2,0.0930184685900688,0.4863334822465296,0.13541666666666666,0.24691358024691357,0.11149691358024691,0.04093567251461988,0.42592592592592593,0.07103641456582634,0.316243847027641,-0.008735215678783215,0.008735215678783215,0.9266640767370716,средняя
174.0,quote_block_share,45,1.0,0.20845010874170677,0.2,0.12426067121597952,0.5961170851196461,0.09523809523809523,0.2727272727272727,0.17748917748917747,0.030303030303030304,0.5,0.07521367521367521,0.41216216216216217,0.008450108741706763,0.008450108741706763,0.9448821324276979,средняя
175.0,parcellation_fragment_share,45,1.0,0.052100822338972216,0.027522935779816515,0.06979251581752889,1.339566492126613,0.005847953216374269,0.06557377049180328,0.05972581727542901,0.0,0.3076923076923077,0.0,0.13419913419913423,0.0245778865591557,0.0245778865591557,0.6808243507359442,высокая
186.0,abstract_lexicon_density_per_100w,45,1.0,7.7510092558513435,7.187112763320942,3.476677215092745,0.4485450991389481,5.352112676056338,10.095994703740484,4.743882027684146,1.2755102040816326,16.549047282992237,4.068688101645074,12.645244335252784,0.5638964925304011,0.5638964925304011,0.9008412824578009,средняя
187.0,concrete_lexicon_density_per_100w,45,1.0,1.1322490073034204,1.0911925175370227,0.7361335779574436,0.6501516655869095,0.6176652254478072,1.530612244897959,0.9129470194501519,0.07547169811320754,3.0518097941802695,0.1871187347347058,2.1360451804094067,0.04105648976639764,0.04105648976639764,0.9079035282175297,средняя
188.0,abstract_to_concrete_ratio,45,1.0,17.058492033834835,7.739130434782608,25.431252057934017,1.4908265049156835,3.9148936170212765,15.2,11.285106382978723,0.8333333333333334,126.5,2.0120731707317074,47.14285714285715,9.319361599052225,9.319361599052225,0.6996678577003127,высокая
189.0,sentence_abstractness_mean,45,1.0,0.5512939609981765,0.5431034482758621,0.18095869101499037,0.3282435575520279,0.4495421245421245,0.6717117117117117,0.22216958716958723,0.08712121212121213,0.8801612417118747,0.3355400679456435,0.7766212040371704,0.008190512722314414,0.008190512722314414,0.9073313032490571,средняя
190.0,sentence_abstractness_std,45,1.0,0.43934189659574674,0.45552095000101667,0.05132072305388482,0.1168127225096102,0.41797018323568735,0.4748954704091524,0.05692528717346507,0.2757877522616272,0.4957070446596191,0.375352562898719,0.4906981573420228,-0.016179053405269928,0.016179053405269928,0.7910631307645424,средняя
191.0,lexical_density_content_share,45,1.0,0.7589402349288024,0.7562744004461796,0.04377110655236204,0.05767398345466332,0.7311764705882353,0.7812018489984591,0.05002537841022381,0.654424040066778,0.8793800539083558,0.7115572354415244,0.8150768785662622,0.0026658344826228086,0.0026658344826228086,0.8687338299047906,средняя
192.0,mean_word_length_chars,45,1.0,6.584374952500031,6.549631190727081,0.508064663952399,0.07716217068705833,6.304039688164423,6.911840082009226,0.6078003938448031,5.362687813021703,7.926229508196721,5.974687674929654,7.065590017081794,0.034743761772950243,0.034743761772950243,0.8658422778635818,средняя
193.0,median_word_length_chars,45,1.0,6.4,6.0,0.7118052168020874,0.11121956512532616,6.0,7.0,1.0,5.0,8.0,6.0,7.0,0.40000000000000036,0.40000000000000036,0.7759563714502198,средняя
194.0,mean_sentence_length_tokens,45,1.0,22.460443500326377,23.650793650793652,4.926404836164511,0.2193369350027716,19.18,25.64864864864865,6.468648648648649,11.353846153846154,33.72727272727273,15.528875899280576,27.389215686274508,-1.1903501504672747,1.1903501504672747,0.8937189048838097,средняя
195.0,median_sentence_length_tokens,45,1.0,19.677777777777777,20.0,4.442416203868685,0.2257580227827113,17.0,23.0,6.0,10.0,29.0,13.7,24.6,-0.32222222222222285,0.32222222222222285,0.9577074656873884,средняя
196.0,sentence_type_colon_share,45,1.0,0.1576364259742966,0.14606741573033707,0.0745290836373749,0.47279100104392896,0.09420289855072464,0.2037037037037037,0.10950080515297905,0.04316546762589928,0.3258426966292135,0.06827731092436976,0.2579449152542373,0.011569010243959538,0.011569010243959538,0.9591982737194649,средняя
197.0,sentence_type_dash_share,45,1.0,0.32360133209193864,0.3181818181818182,0.12072595847120814,0.37307002938080797,0.26582278481012656,0.38345864661654133,0.11763586180641478,0.046153846153846156,0.5853658536585366,0.1692307692307692,0.4973963686193902,0.005419513910120466,0.005419513910120466,0.9244874059140972,средняя
198.0,sentence_type_parenthesis_share,45,1.0,0.25142953770573606,0.21637426900584794,0.1440524615759888,0.5729337248536905,0.13924050632911392,0.35185185185185186,0.21261134552273794,0.047619047619047616,0.65625,0.09403122130394859,0.4622513142974951,0.03505526869988812,0.03505526869988812,0.8742465796209316,средняя
199.0,sentence_type_quote_share,45,1.0,0.26679728034770606,0.24342105263157895,0.14339834404134638,0.5374805314899055,0.16,0.36904761904761907,0.20904761904761907,0.04040404040404041,0.5934065934065934,0.09690893901420217,0.49670846394984336,0.0233762277161271,0.0233762277161271,0.9538242442135771,средняя
200.0,pos_at_3_VERB_share,45,1.0,0.1572426278645164,0.15217391304347827,0.045829180954921646,0.2914551961978723,0.12571428571428572,0.18285714285714286,0.057142857142857134,0.06741573033707865,0.2887700534759358,0.10274294670846396,0.21803921568627452,0.005068714821038128,0.005068714821038128,0.8572144097855267,средняя
201.0,pos_at_4_ADJ_share,45,1.0,0.1567260864900586,0.1527777777777778,0.04370978629961554,0.2788928587353461,0.125,0.17880794701986755,0.05380794701986755,0.062146892655367235,0.2857142857142857,0.10848460931333859,0.2115032679738562,0.003948308712280801,0.003948308712280801,0.8633356779025503,средняя
202.0,pos_at_1_NOUN_share,45,1.0,0.20750157086481835,0.2018348623853211,0.07641454877094529,0.3682600977547649,0.15730337078651685,0.25396825396825395,0.0966648831817371,0.0449438202247191,0.46,0.11446270326077605,0.286933848382424,0.00566670847949724,0.00566670847949724,0.8261538259865957,средняя
203.0,pos_at_2_NOUN_share,45,1.0,0.38971722523865515,0.3783783783783784,0.09349548798333701,0.23990596752833343,0.32748538011695905,0.4375,0.11001461988304095,0.2222222222222222,0.625,0.2864857881136951,0.511255216693419,0.011338846860276752,0.011338846860276752,0.9138207575669335,средняя
204.0,pos_at_3_NOUN_share,45,1.0,0.3600842972809601,0.373046875,0.07858410118077956,0.21823806751412816,0.31958762886597936,0.41139240506329117,0.09180477619731181,0.2192513368983957,0.5308641975308642,0.24074074074074073,0.46332923832923834,-0.012962577719039914,0.012962577719039914,0.9214248658543251,средняя
205.0,pos_at_4_NOUN_share,45,1.0,0.34488597512230174,0.33707865168539325,0.0634258460807387,0.18390381359591948,0.3058823529411765,0.37572254335260113,0.06984019041142464,0.2222222222222222,0.55,0.27389801210025927,0.42979154603358427,0.0078073234369084865,0.0078073234369084865,0.8418489700640361,средняя
206.0,pos_at_1_VERB_share,45,1.0,0.0767774708001621,0.07317073170731707,0.05404851717611981,0.7039632409460106,0.045454545454545456,0.09523809523809523,0.04978354978354978,0.011764705882352941,0.3434343434343434,0.030767000144990578,0.1124740124740125,0.003606739092845035,0.003606739092845035,0.8191087011741557,средняя
207.0,pos_at_2_VERB_share,45,1.0,0.11282555069925206,0.10714285714285714,0.04798452364653681,0.4252983774432834,0.07751937984496124,0.1360153256704981,0.058495945825536855,0.0449438202247191,0.28,0.05643513789581205,0.16988088485536018,0.005682693556394919,0.005682693556394919,0.8808997238606417,средняя
208.0,pos_at_4_VERB_share,45,1.0,0.16527085084855866,0.1676300578034682,0.05389651926951352,0.3261102547290695,0.11602209944751381,0.20606060606060606,0.09003850661309225,0.07142857142857142,0.28888888888888886,0.09828076350345201,0.22968960863697707,-0.002359206954909543,0.002359206954909543,0.961314104067012,средняя
209.0,pos_at_1_ADJ_share,45,1.0,0.16546401215166376,0.15819209039548024,0.07059320986181288,0.4266378467669899,0.1223021582733813,0.19230769230769232,0.07000553403431102,0.015384615384615385,0.40476190476190477,0.10243239906161254,0.23075871496924127,0.007271921756183519,0.007271921756183519,0.8114783240924839,средняя
210.0,pos_at_2_ADJ_share,45,1.0,0.16137439832000539,0.15384615384615385,0.054535666687411714,0.33794497302643695,0.12195121951219512,0.19008264462809918,0.06813142511590406,0.018518518518518517,0.3170731707317073,0.1,0.22393240168995776,0.007528244473851531,0.007528244473851531,0.8139413594367017,средняя
211.0,pos_at_3_ADJ_share,45,1.0,0.1536341258896849,0.13679245283018868,0.055024601640713565,0.3581535112857889,0.11764705882352941,0.19642857142857142,0.07878151260504201,0.06896551724137931,0.325,0.09519519519519519,0.2198048780487805,0.016841673059496215,0.016841673059496215,0.8589345180321234,средняя
212.0,pos_pattern_VERB_ADJ_ADJ_share,45,1.0,0.0015660413186402895,0.0,0.006051307991947245,3.864079395555971,0.0,0.0,0.0,0.0,0.038461538461538464,0.0,0.0034285714285714366,0.0015660413186402895,0.0015660413186402895,0.0,средняя
213.0,pos_pattern_NOUN_VERB_NOUN_share,45,1.0,0.011688098698741848,0.008849557522123894,0.018517008186555127,1.5842617917444834,0.0,0.016666666666666666,0.016666666666666666,0.0,0.12,0.0,0.024876543209876544,0.0028385411766179546,0.0028385411766179546,0.6908212771122862,высокая
214.0,pos_pattern_ADJ_NOUN_VERB_share,45,1.0,0.03344289266599046,0.02631578947368421,0.026353338046858826,0.7880101255014549,0.014492753623188406,0.04504504504504504,0.030552291421856635,0.0,0.12941176470588237,0.0021621621621621644,0.06243338683788122,0.00712710319230625,0.00712710319230625,0.8418747833977842,средняя
215.0,pos_position_profile_entropy_1_4,45,1.0,0.7947101053848084,0.7845107570456972,0.0426954943872043,0.0537246149229858,0.7595914812924079,0.8190560320382374,0.05946455074582946,0.7156829312038356,0.9034736189144753,0.7517361114520794,0.8554532151819905,0.01019934833911118,0.01019934833911118,0.8768236938809808,средняя
216.0,global_reliability_index,45,1.0,0.5963700440528636,0.5963700440528635,1.1102230246251565e-16,1.861634459504716e-16,0.5963700440528635,0.5963700440528635,0.0,0.5963700440528635,0.5963700440528635,0.5963700440528635,0.5963700440528635,1.1102230246251565e-16,1.1102230246251565e-16,0.0,низкая
217.0,reliability_high_share,45,1.0,0.2599118942731277,0.2599118942731278,5.551115123125783e-17,2.1357680219483946e-16,0.2599118942731278,0.2599118942731278,0.0,0.2599118942731278,0.2599118942731278,0.2599118942731278,0.2599118942731278,-5.551115123125783e-17,5.551115123125783e-17,0.0,низкая
218.0,reliability_medium_share,45,1.0,0.7312775330396475,0.7312775330396476,1.1102230246251565e-16,1.5181965457223528e-16,0.7312775330396476,0.7312775330396476,0.0,0.7312775330396476,0.7312775330396476,0.7312775330396476,0.7312775330396476,-1.1102230246251565e-16,1.1102230246251565e-16,0.0,низкая
219.0,reliability_low_share,45,1.0,0.008810572687224672,0.00881057268722467,1.734723475976807e-18,1.9689111452336756e-16,0.00881057268722467,0.00881057268722467,0.0,0.00881057268722467,0.00881057268722467,0.00881057268722467,0.00881057268722467,1.734723475976807e-18,1.734723475976807e-18,0.0,низкая
220.0,morph_features_per_token_mean,45,1.0,3.16114123697399,3.2326656394453006,0.2425901067853551,0.07674130593974189,3.053887399463807,3.3136952498457743,0.2598078503819674,2.342991913746631,3.5327868852459017,2.886655087203405,3.3919844166377016,-0.07152440247131064,0.07152440247131064,0.9034508217655295,средняя
221.0,abstract_nominal_suffix_share,45,1.0,0.1910718977936826,0.18329938900203666,0.05651951183345417,0.2958023261719174,0.1484593837535014,0.22023809523809523,0.07177871148459383,0.051789077212806026,0.33568904593639576,0.1370613607027044,0.2580400316634626,0.0077725087916459545,0.0077725087916459545,0.8818125872316812,средняя
222.0,noun_to_verb_ratio,45,1.0,3.376380897656232,3.350467289719626,0.8136501223381323,0.24098291839731123,2.9050387596899223,3.8702928870292888,0.9652541273393664,1.5133689839572193,5.75,2.484398976982097,4.215356953992597,0.02591360793660602,0.02591360793660602,0.8631420706295057,средняя
223.0,nominal_predicate_share,45,1.0,0.17553230089754976,0.18045112781954886,0.0685021962306341,0.3902540779125075,0.12359550561797752,0.21493624772313297,0.09134074210515544,0.05921052631578947,0.35384615384615387,0.0830527497194164,0.23809523809523808,-0.004918826921999103,0.004918826921999103,0.8961793790386023,средняя
224.0,prepredicate_span_mean,45,1.0,4.311926022084988,4.308571428571429,0.8325738200334208,0.19308629502665686,3.983050847457627,4.716216216216216,0.7331653687585886,2.4655172413793105,6.550561797752809,3.238042553191489,5.287560902853734,0.0033545935135590454,0.0033545935135590454,0.9006427439478117,средняя
225.0,fronted_adverbial_share,45,1.0,0.5143562390634981,0.5338345864661654,0.11050086255499438,0.21483332788222068,0.44047619047619047,0.5819672131147541,0.1414910226385636,0.2692307692307692,0.7640449438202247,0.35478374836173,0.6408668730650156,-0.019478347402667295,0.019478347402667295,0.9330186897980224,средняя
226.0,sentence_initial_eto_count,45,1.0,1.6666666666666667,1.0,2.503331114069145,1.501998668441487,0.0,2.0,2.0,0.0,11.0,0.0,3.6000000000000014,0.6666666666666667,0.6666666666666667,0.6578857655542841,высокая
227.0,sentence_initial_eto_share,45,1.0,0.01310147492743863,0.011235955056179775,0.01697929109116733,1.2959831763374465,0.0,0.018518518518518517,0.018518518518518517,0.0,0.08088235294117647,0.0,0.0372435325602141,0.0018655198712588545,0.0018655198712588545,0.7239576313491547,высокая
228.0,eto_sentence_chain_max,45,1.0,0.6,1.0,0.5333333333333333,0.888888888888889,0.0,1.0,1.0,0.0,2.0,0.0,1.0,-0.4,0.4,0.7056088682384273,средняя
229.0,eto_predicate_mode_share,45,1.0,0.3357239057239057,0.16666666666666666,0.38031536981991937,1.132821831677024,0.0,0.5,0.5,0.0,1.0,0.0,1.0,0.16905723905723904,0.16905723905723904,0.8772499873122939,высокая
230.0,specificichn_family_count,45,1.0,0.044444444444444446,0.0,0.20608041101101565,4.636809247747852,0.0,0.0,0.0,0.0,1.0,0.0,0.0,0.044444444444444446,0.044444444444444446,0.0,средняя
231.0,word_family_dopoln_count,45,1.0,0.8444444444444444,0.0,1.6727297125830056,1.9808641333219803,0.0,1.0,1.0,0.0,7.0,0.0,2.6000000000000014,0.8444444444444444,0.8444444444444444,0.6165798918694453,высокая
232.0,word_family_odnovrem_count,45,1.0,0.8,0.0,1.4544949486180956,1.8181186857726195,0.0,1.0,1.0,0.0,8.0,0.0,2.0,0.8,0.8,0.6493293922185721,высокая
233.0,word_family_klyuchev_count,45,1.0,0.6222222222222222,0.0,1.0809232450680275,1.7371980724307585,0.0,1.0,1.0,0.0,5.0,0.0,2.0,0.6222222222222222,0.6222222222222222,0.6380286249990081,высокая
234.0,word_family_ramka_count,45,1.0,2.2,1.0,2.840970100355002,1.29135004561591,0.0,3.0,3.0,0.0,15.0,0.0,5.0,1.2000000000000002,1.2000000000000002,0.6693921791736204,средняя
235.0,word_family_fiks_count,45,1.0,0.5333333333333333,0.0,1.0873004286866728,2.0386883037875116,0.0,0.0,0.0,0.0,4.0,0.0,2.0,0.5333333333333333,0.5333333333333333,0.0,средняя
236.0,word_family_fokus_count,45,1.0,0.28888888888888886,0.0,0.6870944370551247,2.378403820575432,0.0,0.0,0.0,0.0,3.0,0.0,1.0,0.28888888888888886,0.28888888888888886,0.0,средняя
237.0,sentence_initial_demonstrative_count,45,1.0,3.022222222222222,2.0,3.630052885374714,1.2011204400136921,0.0,3.0,3.0,0.0,16.0,0.0,8.600000000000001,1.0222222222222221,1.0222222222222221,0.6950591370774408,средняя
238.0,sentence_initial_demonstrative_share,45,1.0,0.023633633273358833,0.018018018018018018,0.023266854356189765,0.9844806377027724,0.0,0.03389830508474576,0.03389830508474576,0.0,0.09090909090909091,0.0,0.05263157894736842,0.005615615255340815,0.005615615255340815,0.7638025006134326,средняя
239.0,demonstrative_sentence_chain_max,45,1.0,0.7777777777777778,1.0,0.5115939748098373,0.6577636818983622,0.0,1.0,1.0,0.0,2.0,0.0,1.0,-0.2222222222222222,0.2222222222222222,0.6804753169884747,средняя
240.0,demonstrative_predicate_mode_share,45,1.0,0.33320266153599487,0.3333333333333333,0.32385869770289155,0.9719571152582348,0.0,0.5,0.5,0.0,1.0,0.0,1.0,-0.00013067179733844414,0.00013067179733844414,0.8960594813023448,высокая
241.0,sentence_initial_pronoun_3p_count,45,1.0,0.9555555555555556,0.0,1.6187176756866055,1.6940068699045872,0.0,1.0,1.0,0.0,9.0,0.0,3.0,0.9555555555555556,0.9555555555555556,0.7033646296718726,высокая
242.0,sentence_initial_pronoun_3p_share,45,1.0,0.007268933607197002,0.0,0.010619877755303533,1.4609952888809918,0.0,0.011904761904761904,0.011904761904761904,0.0,0.045454545454545456,0.0,0.0218671679197995,0.007268933607197002,0.007268933607197002,0.6715857540496144,высокая
243.0,pronoun_3p_sentence_chain_max,45,1.0,0.4666666666666667,0.0,0.5416025603090641,1.1605769149479943,0.0,1.0,1.0,0.0,2.0,0.0,1.0,0.4666666666666667,0.4666666666666667,0.7056088682384273,средняя
244.0,exact_word_dopolnitelno_count,45,1.0,0.13333333333333333,0.0,0.6182412330330468,4.636809247747851,0.0,0.0,0.0,0.0,4.0,0.0,0.0,0.13333333333333333,0.13333333333333333,0.0,средняя
245.0,exact_word_odnovremenno_count,45,1.0,0.6444444444444445,0.0,1.0985961861607356,1.7047182199045896,0.0,1.0,1.0,0.0,6.0,0.0,2.0,0.6444444444444445,0.6444444444444445,0.714962689442649,высокая
246.0,exact_word_klyuchevoy_count,45,1.0,0.1111111111111111,0.0,0.3142696805273545,2.8284271247461907,0.0,0.0,0.0,0.0,1.0,0.0,0.6000000000000014,0.1111111111111111,0.1111111111111111,0.0,средняя
247.0,exact_word_ramka_count,45,1.0,0.022222222222222223,0.0,0.14740554623801777,6.6332495807108,0.0,0.0,0.0,0.0,1.0,0.0,0.0,0.022222222222222223,0.022222222222222223,0.0,средняя
248.0,exact_word_fiksirovat_count,45,1.0,0.0,0.0,0.0,,0.0,0.0,0.0,0.0,0.0,0.0,0.0,0.0,0.0,0.0,низкая
249.0,exact_word_fokus_count,45,1.0,0.022222222222222223,0.0,0.14740554623801777,6.6332495807108,0.0,0.0,0.0,0.0,1.0,0.0,0.0,0.022222222222222223,0.022222222222222223,0.0,средняя
250.0,exact_word_fundamentalny_count,45,1.0,0.022222222222222223,0.0,0.14740554623801777,6.6332495807108,0.0,0.0,0.0,0.0,1.0,0.0,0.0,0.022222222222222223,0.022222222222222223,0.0,средняя
251.0,exact_word_analogichno_count,45,1.0,0.06666666666666667,0.0,0.2494438257849294,3.7416573867739413,0.0,0.0,0.0,0.0,1.0,0.0,0.0,0.06666666666666667,0.06666666666666667,0.0,средняя
252.0,exact_word_domen_count,45,1.0,0.0,0.0,0.0,,0.0,0.0,0.0,0.0,0.0,0.0,0.0,0.0,0.0,0.0,низкая
253.0,exact_word_token_count,45,1.0,0.0,0.0,0.0,,0.0,0.0,0.0,0.0,0.0,0.0,0.0,0.0,0.0,0.0,низкая
254.0,exact_word_effekt_count,45,1.0,0.28888888888888886,0.0,0.7187094057242769,2.4878402505840356,0.0,0.0,0.0,0.0,4.0,0.0,1.0,0.28888888888888886,0.28888888888888886,0.0,средняя
255.0,word_family_fundamentaln_count,45,1.0,0.1111111111111111,0.0,0.3784308081316978,3.4058772731852804,0.0,0.0,0.0,0.0,2.0,0.0,0.0,0.1111111111111111,0.1111111111111111,0.0,средняя
256.0,word_family_analogichn_count,45,1.0,0.24444444444444444,0.0,0.47868131618973375,1.958241748048911,0.0,0.0,0.0,0.0,2.0,0.0,1.0,0.24444444444444444,0.24444444444444444,0.0,средняя
257.0,word_family_domen_count,45,1.0,0.022222222222222223,0.0,0.14740554623801777,6.6332495807108,0.0,0.0,0.0,0.0,1.0,0.0,0.0,0.022222222222222223,0.022222222222222223,0.0,средняя
258.0,word_family_token_count,45,1.0,0.0,0.0,0.0,,0.0,0.0,0.0,0.0,0.0,0.0,0.0,0.0,0.0,0.0,низкая
259.0,word_family_effekt_count,45,1.0,0.9111111111111111,0.0,2.031115973735973,2.2292736297102143,0.0,1.0,1.0,0.0,12.0,0.0,2.6000000000000014,0.9111111111111111,0.9111111111111111,0.5976131749956448,высокая
,pos_schema_compact_repeat_excess,45,1.0,0.02508390825669258,0.007194244604316547,0.039647045934499435,1.5805768992924498,0.0,0.02702702702702703,0.02702702702702703,0.0,0.15384615384615385,0.0,0.09406593406593407,0.017889663652376032,0.017889663652376032,0.6491684751705384,высокая
,pos_schema_compact_repeated_sentence_share,45,1.0,0.03842564367848647,0.014388489208633094,0.05796439914086101,1.5084821903273355,0.0,0.04864864864864865,0.04864864864864865,0.0,0.23076923076923078,0.0,0.1315617715617716,0.024037154469853377,0.024037154469853377,0.6231191078567093,высокая
,pos_schema_compact_top10_coverage,45,1.0,0.13870458891000595,0.11235955056179775,0.08432122240150815,0.607919486039624,0.07428571428571429,0.18181818181818182,0.10753246753246753,0.05583756345177665,0.38461538461538464,0.06429047301798801,0.25084249084249083,0.0263450383482082,0.0263450383482082,0.8021672304577985,средняя
,pos_schema_repeat_excess,45,1.0,0.02508390825669258,0.007194244604316547,0.039647045934499435,1.5805768992924498,0.0,0.02702702702702703,0.02702702702702703,0.0,0.15384615384615385,0.0,0.09406593406593407,0.017889663652376032,0.017889663652376032,0.6491684751705384,высокая
,pos_schema_repeated_sentence_share,45,1.0,0.03842564367848647,0.014388489208633094,0.05796439914086101,1.5084821903273355,0.0,0.04864864864864865,0.04864864864864865,0.0,0.23076923076923078,0.0,0.1315617715617716,0.024037154469853377,0.024037154469853377,0.6231191078567093,высокая
,pos_schema_top10_coverage,45,1.0,0.13870458891000595,0.11235955056179775,0.08432122240150815,0.607919486039624,0.07428571428571429,0.18181818181818182,0.10753246753246753,0.05583756345177665,0.38461538461538464,0.06429047301798801,0.25084249084249083,0.0263450383482082,0.0263450383482082,0.8021672304577985,средняя
